design,replication,served_within_2
A,1,0.9399
A,2,0.937
A,3,0.901
A,4,0.899
A,5,0.9727
A,6,0.9059
A,7,0.9363
A,8,0.9354
A,9,0.8936
A,10,0.9385
A,11,0.8779
A,12,0.8953
A,13,0.9322
A,14,0.9412
A,15,0.9525
B,1,0.7443
B,2,0.6571
B,3,0.804
B,4,0.7583
B,5,0.6046
B,6,0.5838
B,7,0.6357
B,8,0.7347
B,9,0.618
B,10,0.7006
B,11,0.8044
B,12,0.6036
B,13,0.8083
B,14,0.5758
B,15,0.7053
C,1,0.5616
C,2,0.3895
C,3,0.6285
C,4,0.4365
C,5,0.5717
C,6,0.7011
C,7,0.5485
C,8,0.6244
C,9,0.6563
C,10,0.6878
C,11,0.443
C,12,0.6517
C,13,0.6164
C,14,0.382
C,15,0.5613
