time,wait
1.7071,0
2.9225,0
5.164,0
5.5444,0
6.0203,0.5986
6.3074,0.3608
7.3526,0
8.6579,0
8.6698,0.0878
9.6615,0
11.8349,0
12.0447,0.3514
16.004,0
16.4364,0
16.862,0
17.7062,0
17.859,0
18.0337,0.7013
18.2665,1.3165
18.2772,1.4849
18.5911,2.0042
18.9063,2.1198
19.7304,1.3109
21.0195,0.1438
22.1014,0
22.3296,1.3758
23.0322,1.4385
23.3623,1.4459
24.4829,0.7867
27.0781,0
29.3339,0
31.3687,0
32.8549,0
34.1015,1.6998
34.4024,1.6439
34.5623,1.8877
36.1219,2.8393
36.4958,2.5481
36.6703,4.4516
36.8911,4.4688
36.8948,6.1469
37.5268,5.5751
42.6888,0.5618
45.9714,0
47.598,0
48.8837,0
49.469,0.1324
50.7796,0.4664
51.0438,1.7991
52.2586,0.6424
52.391,2.1509
53.7907,0.9816
54.0078,1.1206
54.0227,2.3248
54.3912,2.5143
54.9103,3.1192
55.3837,4.8737
56.4427,5.3785
56.5243,5.3954
58.7149,3.3991
61.8305,1.3475
62.0524,1.2312
62.063,1.9007
63.9798,0.0247
64.2128,0.2834
64.4098,0.3124
65.2756,0.8986
66.1769,0.4304
66.2106,0.538
66.4559,0.9192
68.1785,0.0671
68.6932,0
69.557,0
69.647,5.9738
71.0441,4.8699
72.3643,4.4073
72.653,4.7749
73.3836,4.4386
81.7802,0
81.8675,0.6431
84.309,0
85.1486,1.2362
85.6723,2.1355
85.9084,2.6347
86.4573,2.2002
86.8727,2.6538
86.9647,2.8665
87.0752,3.2334
89.4519,2.1333
89.8543,3.7683
90.6327,3.6431
92.9588,2.21
94.38,2.4459
95.2198,1.9286
95.2928,2.9983
95.9578,2.5931
97.8685,0.9377
98.743,1.0488
99.3376,0.5816
99.4049,1.5133
100.0143,1.9931
100.2314,2.6364
101.1966,2.3098
104.5894,0
105.6084,0.9338
108.1354,0
109.6594,0
109.8455,0.5717
110.0565,2.946
111.6546,1.9949
115.3659,0.5502
115.6087,1.6345
116.1,1.2
118.0417,0.1889
119.2151,0.2526
119.3945,0.6392
120.5563,0.6965
123.0388,0
123.4091,0.134
124.1286,0
125.4135,0
125.4813,0.2028
126.948,0
128.0054,0
128.7783,0
129.8532,0
130.9097,0
131.4326,0
132.3359,0
135.1452,0
136.99,0
137.7154,0
138.168,0.1095
138.9622,0
139.4896,0
140.7085,0
142.7011,0
143.499,0
146.9445,0
148.5369,0
148.7607,0.0364
149.5076,1.0852
149.5158,1.8217
150.3332,2.2095
150.9543,1.94
151.6525,1.8545
151.8325,2.1436
151.9654,2.7083
152.1214,3.3414
153.1325,2.6649
154.8456,2.1876
156.3441,2.2843
156.5329,2.289
156.9559,1.9517
157.3191,2.373
159.6224,0.1228
159.6711,0.0819
159.7033,2.1646
161.4496,1.0051
162.3472,2.0354
164.9773,1.6629
166.0198,0.939
166.3321,2.3894
166.5318,3.4273
166.9564,4.5917
170.9695,1.8202
171.4207,1.5758
173.1952,0.3829
174.2672,0.087
177.3538,0
177.4465,3.3114
178.1711,4.2758
178.6408,3.8115
179.6983,4.0707
180.2841,3.4892
180.666,6.0622
180.7381,6.4733
181.6277,7.0498
181.9064,6.9759
183.3723,8.041
184.4939,8.046
185.5306,7.6192
186.3197,7.1098
187.1243,6.9222
187.4633,6.6937
188.0925,7.04
188.2225,9.5979
188.4122,9.6174
191.1055,10.4595
192.3659,11.5538
194.2782,10.3533
194.8606,10.5926
195.3882,10.0958
195.4067,10.3414
196.6743,12.6731
197.1925,15.4943
199.1655,15.7865
199.474,15.6756
199.7357,15.5079
200.1399,15.5762
201.4864,15.3367
201.4887,15.8823
202.4338,16.0665
202.7546,16.2428
205.6009,14.1224
205.6214,14.6954
206.1492,15.9174
206.2714,16.0967
206.7037,17.0041
207.2995,16.6169
207.8394,16.43
208.1699,16.5798
208.3736,16.4963
209.0629,18.0902
209.232,18.0234
209.2726,19.8766
209.7377,19.6839
210.0106,19.4946
210.1165,20.3842
210.9458,19.8737
211.6393,21.1564
211.9256,21.4492
212.2245,26.7126
212.3887,27.5756
212.5953,27.6097
216.0016,24.5278
221.2652,21.9464
221.7135,21.8907
221.9207,21.6941
223.1313,20.6445
223.2311,20.5585
223.3163,20.7025
224.3057,20.2759
224.4387,21.2684
225.054,21.2007
227.8507,18.9747
227.998,19.7894
228.501,19.8074
229.8911,20.293
230.3247,20.331
231.1508,20.5742
231.9878,22.3276
232.3105,22.942
232.3498,23.394
234.7893,21.3907
235.0134,24.1898
235.8016,24.1955
236.4655,23.9012
237.3785,25.0151
240.8468,24.3428
241.8581,26.6675
242.6621,26.209
243.2088,26.756
243.7213,26.7404
245.0195,25.7255
245.0375,26.7488
246.1842,25.6651
247.3359,24.5951
247.8413,24.9334
247.9852,25.337
248.6608,25.2241
248.913,25.3878
251.3472,23.2093
252.1186,22.4609
252.2351,22.8214
253.2472,22.4335
253.4612,24.0774
256.5103,23.2867
256.8182,24.1005
258.1524,23.0597
260.5515,20.9651
261.2382,21.1438
261.2659,21.7311
261.6892,22.3787
261.9945,22.1196
262.1944,22.419
262.6718,22.4254
263.0718,23.5874
264.1348,22.9343
265.6619,21.5829
266.1947,21.7958
267.1655,21.3245
267.8169,20.8386
270.0409,19.8307
272.089,18.1157
272.3874,19.676
272.4304,23.3006
273.6781,22.3979
274.1442,23.3146
274.4746,23.4212
274.4939,23.8485
275.6588,23.0902
280.4249,18.6278
281.2973,18.5281
282.218,17.6311
282.7905,17.1652
283.6827,16.5046
283.693,16.8615
284.9014,15.9722
285.0601,17.8203
285.762,18.2107
287.1511,17.3879
287.3224,17.6848
288.1342,18.9257
288.5045,19.6254
289.1387,19.0658
291.3528,17.1937
291.6474,17.0754
292.721,17.8111
293.2827,17.3561
293.8264,17.3162
294.4575,16.731
295.574,15.7644
295.7636,16.4134
297.2471,15.3229
299.887,12.8486
300.8554,12.1945
300.9209,12.9266
301.6881,14.3829
307.0185,9.5353
307.2445,9.533
307.9065,9.4692
307.9307,10.4114
308.232,10.6834
308.2403,10.7229
310.4045,8.8237
310.8077,9.0024
310.9967,9.3244
311.4457,9.1628
311.719,11.8998
312.4853,12.1496
312.6632,12.3628
314.2938,10.9926
315.5378,10.26
316.318,10.5215
316.5502,10.9024
317.2244,10.2999
317.3775,10.8478
319.465,9.6425
320.2608,9.5221
321.9246,8.4916
322.8204,8.0807
323.4733,7.7071
324.5378,7.5341
325.1504,7.6213
325.3121,7.683
326.589,7.7634
327.6728,10.574
327.9428,11.6761
329.578,11.9384
330.2569,11.5796
330.437,13.6791
330.5285,13.8606
331.0321,13.7858
331.184,13.9143
332.0304,13.1005
333.7729,12.1729
336.9325,9.2318
337.2058,9.1745
337.525,9.6497
337.9187,10.924
337.9192,11.621
338.0424,11.8601
340.4378,9.567
342.2173,7.8233
343.5354,6.6373
345.1188,5.9703
345.1327,6.024
345.4888,5.8147
345.6836,5.6627
345.8601,6.5633
346.0776,6.4094
347.6499,5.8039
348.1378,6.0545
349.2931,5.1446
349.6041,5.4578
351.0189,4.9829
351.2813,4.8904
351.7423,4.9311
351.9521,5.0971
352.271,5.7952
352.4494,6.3968
357.0095,2.9427
358.7553,1.2386
360.1676,0.9177
360.4546,1.6176
361.2378,1.4534
361.2754,1.5951
363.6286,0
364.1056,0.0165
365.8967,0
368.6774,0
369.1124,0
370.2712,0
372.0558,0
372.8195,0
373.008,1.3063
375.8905,0
376.13,0.6602
376.5687,3.9866
377.6528,4.2324
377.7656,4.2463
378.335,4.0877
381.7214,1.4379
382.1764,1.8052
382.882,2.2958
384.85,0.9325
386.5759,0
386.8298,0.9447
389.6766,0
389.7966,2.4361
389.8657,2.4031
390.2508,2.0908
390.277,3.4838
391.1623,2.7684
391.7015,3.9731
391.9419,4.1091
395.3298,1.3406
395.3892,2.8204
395.8345,4.1027
399.5281,0.6905
400.6125,0
400.8001,0.4336
400.8439,1.2782
402.5501,0
403.9759,0.1083
404.3104,1.722
404.3844,2.2025
404.6462,2.7504
405.9426,2.3676
406.3757,2.0559
407.6905,2.6972
410.8784,0.0222
412.8778,0
414.0002,0
414.305,0
414.8244,0
418.5566,0
418.5888,1.2061
420.8763,0
421.4391,0
421.7485,0
421.888,0.6525
422.5841,0.0374
422.7857,1.1823
424.4049,0.1639
425.8896,0
426.2379,0.5567
428.0382,0
431.434,0
431.5705,0.6825
431.8148,1.0402
431.8844,0.9927
431.8912,1.1346
432.7836,2.2515
435.6999,0
439.8276,0
439.8384,0.5138
444.9327,0
451.2798,0
454.4042,0
455.2816,0
455.2944,1.1234
457.3242,0
457.811,0.7475
461.0239,0
463.0929,0
463.4786,0
465.1812,0
466.6494,0
468.0643,1.3824
468.972,1.3597
471.5956,0
471.7652,0.0168
472.3198,0.2726
472.4948,1.1047
472.7378,1.6931
473.3582,2.2409
473.67,2.6812
473.8011,2.5842
474.7814,2.2566
474.8321,2.371
475.098,3.6438
475.7914,3.1537
476.9205,2.759
479.932,0
480.7954,0
480.8709,0
481.0633,3.4672
481.3051,3.4624
481.999,3.9265
482.0357,5.76
488.606,0
492.4057,0
496.3431,0
498.4925,0
499.7506,0
500.4954,0
500.8539,0
502.2157,0
503.7197,0
505.2758,0
506.7831,0
507.3236,0
507.7576,0.1829
508.1872,0.093
508.4672,0
509.3328,0.3535
509.7813,0
510.3873,0
512.0944,0
512.3009,1.834
512.746,1.6981
513.4409,1.9269
514.1693,2.3037
514.2601,3.1334
519.7822,0
519.8123,0.6361
521.8477,0
522.3951,0.1405
522.5963,0.6792
522.7537,0.9108
523.8214,0.428
524.4978,0.0055
526.215,0
526.9975,0
528.8213,0
529.075,1.7342
529.529,1.3971
530.7972,0.4136
531.6066,0.1507
531.7665,2.1131
531.8539,2.2207
532.0021,5.0108
533.9089,3.2389
537.7195,0.0057
539.0497,0.5066
539.5038,2.0732
539.6707,2.0553
540.0468,1.6923
540.3671,1.4329
540.8098,1.4802
540.8805,4.1081
541.8876,3.5991
542.0909,4.0195
543.904,2.8693
544.5137,3.5226
545.4908,3.2474
547.1184,3.6052
548.994,1.9769
549.7427,1.5152
550.3275,1.1647
550.3963,4.8084
550.5381,4.9207
552.2334,3.2711
553.2502,2.839
558.2645,0
558.5853,0
558.9046,0.1468
559.1536,0.6129
559.1992,1.2403
559.3687,1.5327
560.4758,1.2025
562.3537,0
562.9275,0
563.2911,0.194
563.3888,2.404
564.173,2.1722
566.7549,2.0454
570.0104,0
570.373,0.7714
571.3401,0
572.8263,0
572.8724,0.0277
574.5484,0
574.8046,0
574.818,0.2866
575.1653,0
575.7483,0
575.8662,0
580.5858,0
582.1884,0
583.6484,0
583.9603,0.0226
587.5606,0
587.7383,1.2973
588.1942,3.5634
589.0826,2.7498
590.9377,2.651
592.1356,1.9583
592.5493,1.8805
593.701,1.5536
597.2671,0
597.63,0
597.7849,0.3767
598.1624,0.3992
598.2313,0.628
598.9141,0.2108
600.3357,0
600.4306,0.4008
603.9092,0
603.9779,0.0572
604.3465,0
609.6277,0
611.6833,0
613.015,0.3103
613.2219,0.7696
613.7454,0.2536
614.4767,0.6181
615.75,0
619.2015,0
619.4416,1.172
620.4905,0.4619
620.8904,2.1971
621.0313,2.2785
623.6409,0
624.3442,0
625.4424,0
625.9939,0
628.6061,0
631.6846,0
632.2729,0
632.9627,0.8142
633.3707,0.9457
634.3682,0.855
635.0854,0.2088
637.4447,0
638.7507,0
638.7854,0.9729
639.3877,1.2048
641.8887,0
642.8473,0
647.1727,0
647.7053,0.809
649.7417,0
649.912,1.9504
653.5645,0
653.8934,0.0876
654.1034,1.0679
657.1287,0
657.7656,1.6353
658.8631,0.6292
659.033,0.5752
661.2704,0.0866
663.5028,0
663.7135,1.1923
664.3988,0.8207
664.5675,0.8343
665.7736,0.3427
669.1271,0
669.8374,0.2711
669.9094,0.4767
670.1938,0.3578
670.3281,0.8152
671.5804,0
672.5871,0
674.3505,0
676.5515,0
677.34,0.651
678.419,0
678.4631,0.4618
678.7512,0.2672
679.069,1.5744
679.1158,2.2896
679.9007,3.225
680.114,3.7083
680.4224,3.663
681.6521,2.9334
683.3764,3.811
684.2306,3.0656
685.3665,2.7776
685.8225,2.7876
689.6008,0
690.3992,1.1527
690.4438,1.2694
690.5732,2.3556
691.832,1.1552
693.5254,0
694.2658,0.2039
694.4392,1.0641
695.9531,0.805
696.5192,0.9551
696.7635,0.7561
697.7087,0.6371
700.5835,0
700.7965,0
701.3933,0
703.2775,0
703.7898,0
704.7454,0
705.6518,0
705.9445,2.5163
706.4518,2.6447
706.8535,2.816
708.5043,1.6955
708.5695,1.9965
709.7431,1.6368
709.8702,1.5685
710.0106,2.064
710.5501,2.8811
710.6038,3.6539
711.0555,3.2995
711.2379,3.3307
711.5859,4.0906
711.8679,4.9626
712.3699,4.9391
715.6662,1.8967
716.169,1.5591
717.6789,1.8422
719.6498,0
719.8257,0
719.9261,0.3702
720.6021,0
720.8213,0.533
722.1335,0
722.5229,0
723.0543,0
723.7891,0
724.4716,1.1933
724.5152,2.197
724.8364,2.1313
725.4919,2.4518
726.416,1.7534
726.6867,1.7512
726.919,2.0481
727.1086,1.974
727.8479,1.3216
728.3722,2.197
730.4382,1.3037
730.6682,5.9908
731.583,7.3528
732.5147,8.5238
733.4855,8.6951
736.3335,7.415
738.0179,5.8364
742.5229,2.2481
743.7053,1.2018
744.2371,0.7823
744.4676,0.9714
745.7676,0
746.1455,0
747.1956,1.1804
747.6124,1.4288
747.7309,4.8181
747.974,4.5844
749.3807,3.2547
751.7562,0.9417
752.0348,2.6069
753.7215,0.9743
754.7986,0.1432
755.2326,0.2464
755.4127,1.1489
755.5876,1.3209
755.618,1.4113
761.5397,0
763.6346,0
764.9114,1.2628
765.3429,1.7736
766.2505,0.9648
766.8914,0.6783
767.6822,3.1787
767.815,3.8385
768.0161,3.9475
768.6327,5.6894
769.7981,5.7342
771.4268,4.543
773.2224,3.1549
773.6341,3.4889
773.9266,4.7406
774.2144,7.03
775.5508,6.3788
775.598,6.5366
776.1649,6.4156
776.8353,5.9147
777.7294,5.6575
778.3624,5.0545
779.5139,4.3852
779.5513,4.702
779.6726,4.8076
781.017,3.6254
781.4583,3.3654
783.7903,1.9029
784.3101,2.7769
784.9297,2.9811
786.6218,3.8679
786.9379,3.5529
788.0003,3.7976
788.223,7.5721
789.9973,6.0778
791.2102,6.1739
791.5782,6.1625
792.16,6.2374
793.139,5.6423
793.3378,5.7343
795.1054,4.2556
795.5871,5.1176
795.5905,5.1294
796.6861,5.2473
796.8335,5.3477
797.5937,5.1201
801.2437,1.839
801.8045,1.3216
802.9856,0.5171
804.07,0
804.264,0.9585
804.6075,0.8278
804.8324,0.7638
805.5677,1.7282
807.6171,0.2016
813.3221,0
815.4877,0
815.9591,0
822.2815,0
822.4199,0.085
825.0027,0
826.1417,0
826.6388,0
829.6496,0
829.8279,0.1773
829.9116,0.466
830.4023,2.3728
831.0622,2.9185
831.5669,3.6303
832.4629,3.6795
833.3529,2.9484
834.6342,5.3534
834.9231,5.5259
838.6279,2.0153
839.1828,1.7864
839.3324,1.7821
839.4655,3.3622
839.5665,3.4169
841.1959,2.2061
843.1015,0.8272
843.9462,0.19
844.9157,0
847.3023,0
848.4658,0
849.9494,0.2996
850.5273,0.4757
851.9525,0.1879
852.6286,0.2241
852.6399,0.4302
853.0272,0.3899
856.1527,0
859.0385,0
860.5499,0
861.9703,0
862.7845,0
863.4758,0
863.6655,0
864.0679,1.4404
864.6621,0.8628
867.3761,0
873.0496,0
873.992,0.2061
874.7914,0.3575
875.2564,1.4965
877.8735,0.4972
880.0764,0
880.7371,0
886.1133,0
886.8682,0
887.0734,0.1994
890.2245,0
891.9549,0
892.2261,0
892.3507,2.5958
894.0504,1.1463
895.3075,0.3399
895.8443,0.0045
896.0823,0.5008
897.8846,0
898.0288,2.1053
898.6233,1.749
898.8505,2.8897
899.1014,3.26
902.183,1.1674
902.5532,1.0992
904.3324,0.7361
904.8407,0.4926
905.9679,0.9302
906.8364,0.2041
907.6676,0
907.995,1.4729
909.2839,0.5688
909.4923,0.7565
909.6713,0.7254
910.1498,0.2818
910.1903,0.3565
911.0924,0
911.6538,0
912.1227,0.5845
912.1249,1.5619
913.1112,0.6616
913.1235,0.6582
913.6353,1.2884
915.7599,0
916.1713,0
916.4409,0.4407
916.9658,0.6069
922.9044,0
922.9259,0.1015
924.1185,1.048
924.4335,1.3408
925.243,0.9473
925.4569,2.3826
925.4669,4.1267
926.1304,3.5712
927.0791,2.7931
927.6794,3.1402
927.8172,3.9976
928.7382,4.3375
931.7309,1.4732
931.8223,1.5347
936.4916,0
936.521,0.4024
936.6742,2.2526
936.77,4.3004
936.9358,4.1539
937.0763,4.1179
938.4008,3.0237
940.4078,2.2391
940.8492,2.8471
943.222,1.5825
943.5523,1.8756
943.7651,1.8887
944.9079,0.9788
945.2741,1.878
946.8125,0.4013
949.8863,0
953.0506,0
954.3158,0
955.0565,0
955.3102,1.8064
957.056,3.0296
957.6788,2.8975
960.5434,0.1494
961.1003,0
962.3434,1.2271
964.4957,0
965.8103,0
966.536,0
968.4788,0
969.0195,0
969.1435,0.0589
969.8816,0
971.0368,0.3281
972.7716,0
973.2091,0
973.4291,0.6882
973.4347,0.6998
973.4837,1.7656
973.7848,1.6241
975.2006,0.6496
975.5588,1.8917
977.2123,0.9419
978.9406,0
983.1008,0
984.0371,0
984.6807,0.0254
986.0695,0
986.3122,0.142
986.5752,0
986.6378,1.2776
990.3897,0
993.0425,0
997.9478,0
998.0907,1.1443
1000.3276,0.2646
1000.5638,0.0313
1000.7464,0.2291
1000.9864,0.0639
1002.054,0
1003.0771,0.0092
1003.4285,0.5662
1004.1723,0.2327
1004.7644,1.3214
1005.8019,2.8117
1005.9283,5.2562
1006.6028,5.2065
1007.1526,5.1651
1007.3315,5.9106
1008.6938,6.2902
1008.8938,7.2312
1009.0838,7.8013
1009.4201,8.2555
1009.4591,8.2344
1011.5202,9.9406
1011.602,11.0996
1011.7969,11.1982
1012.9739,11.4004
1013.282,11.3742
1013.5579,11.1565
1014.1942,10.5217
1015.4391,9.7405
1019.7503,5.5143
1022.3979,2.8921
1025.5465,0.6094
1026.177,0.2732
1027.4971,3.5905
1028.8579,3.2774
1031.3195,1.3734
1034.4872,0
1036.0764,0
1036.4754,0
1036.492,0.475
1036.6454,1.3276
1036.8563,2.4334
1036.9295,2.6531
1039.118,0.5314
1040.3797,0
1040.3894,0.3219
1041.0248,3.2883
1043.7681,3.9789
1044.5474,3.37
1047.5827,0.9164
1048.1056,0.7753
1048.5321,1.4614
1048.7653,1.3094
1050.8874,0
1053.7519,0
1054.6151,0
1054.7642,0
1059.5079,0
1060.7442,0
1069.0527,0
1069.3812,2.6139
1070.1497,2.0727
1070.6465,2.026
1070.8452,2.1778
1073.5915,0
1073.9002,1.3338
1073.9837,1.3349
1076.0373,0
1077.0289,0
1078.2379,0.569
1079.7307,0.2364
1080.1211,0.625
1082.9041,0
1083.0752,1.706
1083.215,1.7484
1083.4902,2.4411
1084.8126,6.1397
1085.7492,5.7267
1086.0279,6.4412
1087.6047,5.4351
1087.7201,6.7788
1088.7469,5.9526
1089.1363,7.2233
1089.691,7.5127
1090.3062,7.218
1092.7298,5.1796
1092.9653,5.1456
1093.0231,5.2631
1093.7042,5.2433
1096.0169,3.1035
1097.5672,2.6871
1097.5968,4.039
1097.9868,5.8804
1098.5216,5.7002
1099.2458,7.4545
1099.5471,7.4724
1102.9056,7.2545
1103.4239,6.8725
1104.5777,5.9349
1105.4129,6.3849
1112.5559,0.6544
1114.2925,0
1114.8538,0
1115.8717,0
1116.0165,0.1937
1117.6412,0
1118.4352,0
1118.9357,0.8943
1120.3151,0.4789
1120.5049,3.2082
1121.8134,2.1365
1123.6789,2.3012
1124.9114,2.7567
1125.1862,2.5782
1125.6031,4.0807
1129.2716,0.8332
1129.491,0.7544
1129.532,1.8496
1130.1475,1.2937
1131.5462,0.9456
1132.0711,0.6868
1132.0892,3.3958
1132.5752,3.6328
1133.2691,2.9782
1135.23,1.9508
1137.1024,0.678
1138.2282,0.0946
1141.7356,0
1142.608,0.3948
1145.6403,0
1150.3266,0
1150.4927,1.559
1151.1782,1.6408
1151.1901,2.3717
1151.2716,2.5896
1152.8403,1.9745
1155.3153,0.6341
1156.0677,3.0325
1156.1022,3.9951
1157.318,3.2281
1157.5908,3.7924
1161.0431,0.7447
1162.7346,0
1162.9338,0.0881
1163.2153,1.5946
1163.3778,1.5047
1166.7138,0
1166.7393,0.3562
1167.4521,0.0079
1167.6477,1.4893
1168.647,1.0733
1168.9457,2.6571
1169.6846,2.045
1170.3175,1.9492
1170.4218,2.4731
1170.5608,2.4081
1170.7288,2.6486
1171.7418,3.7298
1172.3645,3.5306
1174.0455,3.3474
1174.6154,3.132
1174.7286,4.4212
1175.4251,3.8628
1175.984,5.9677
1176.9333,5.8212
1177.2574,5.9408
1177.2648,7.7541
1177.2889,8.0646
1177.9477,7.8394
1178.8481,7.4276
1179.1777,7.2218
1179.7177,7.2633
1180.2496,8.2497
1180.4084,8.3625
1181.1056,8.0493
1181.7152,8.4412
1182.6107,8.5129
1183.0853,8.3272
1183.7769,9.3812
1184.265,8.9922
1185.0746,8.8246
1185.3826,10.5661
1187.5485,8.5788
1188.0695,8.1625
1189.9684,8.3205
1191.9028,6.5971
1193.6289,6.8944
1194.0579,6.7369
1199.3391,2.4674
1199.8603,3.0454
1199.9018,3.2626
1200.6583,2.8707
1201.3668,4.0604
1201.4527,5.1051
1201.8903,5.1592
1202.1758,5.1836
1202.3104,5.2123
1204.6576,4.3205
1206.2156,3.1419
1206.3179,3.2462
1206.3554,3.4535
1206.5226,4.0642
1207.0493,4.1791
1207.3238,6.2504
1209.1823,5.3856
1209.5749,5.9767
1209.9942,5.9313
1210.8272,6.4667
1211.0813,6.5171
1211.5557,7.4612
1213.2979,5.8951
1214.7053,5.1427
1214.8389,6.0802
1215.6043,5.4794
1218.9711,2.8025
1219.1069,6.3697
1221.2002,4.3105
1222.9193,3.1315
1224.9492,2.8191
1227.4162,0.7445
1230.2901,0
1230.4305,2.2706
1230.7212,2.2443
1233.3641,0
1233.4033,1.6375
1233.8098,2.5526
1234.208,2.6408
1234.3485,2.5157
1235.0473,2.1619
1235.4152,1.9988
1235.5527,3.6654
1236.4687,4.3334
1237.606,3.3075
1238.1138,4.2058
1238.9204,5.4572
1239.0527,7.7361
1245.1668,1.889
1245.6361,1.7994
1245.6943,2.8829
1245.9713,3.8999
1246.0761,5.8408
1246.9447,6.5191
1247.8927,6.2103
1248.6977,5.7382
1248.9631,5.6755
1249.4361,5.5782
1249.5039,5.6868
1249.8899,6.1589
1250.1928,6.3818
1254.6543,5.5081
1254.9382,5.3987
1257.1791,3.3119
1258.06,2.5239
1259.4076,1.2167
1259.6986,1.4892
1261.2308,0.0082
1262.7275,0
1264.0912,0
1264.6764,1.0865
1265.6338,0.2307
1266.6017,1.2512
1267.2936,2.0158
1267.3251,2.5142
1268.7748,1.5512
1270.5259,0.9165
1271.3512,2.7416
1271.4691,4.5271
1271.8396,4.9849
1273.4898,3.424
1274.4569,2.6956
1274.6566,3.2004
1275.2679,2.915
1275.9781,3.4374
1276.7203,2.8679
1277.2234,2.6028
1277.2249,4.5635
1277.7638,4.78
1278.995,3.7938
1279.8176,2.9803
1281.0001,1.9027
1281.2899,1.814
1281.9192,2.4174
1281.995,3.7327
1282.2217,3.8074
1284.5794,2.8189
1284.6723,3.6124
1285.0359,5.4316
1285.9223,5.1649
1286.6112,4.7029
1286.6898,4.6314
1287.0472,4.7562
1289.8209,2.4236
1293.0766,0.4297
1294.4702,0
1295.0234,2.4555
1296.759,1.4255
1299.4831,0
1306.0166,0
1306.4469,0.9857
1307.3578,6.2119
1307.7509,6.2757
1308.7841,6.3594
1309.8803,5.5954
1310.6198,5.4783
1311.4139,4.9494
1312.0266,7.1667
1312.433,9.2803
1312.6618,9.224
1313.4346,9.2274
1313.5031,10.5927
1313.5711,11.1278
1313.5777,11.322
1314.2924,11.6461
1315.2131,10.9704
1316.2053,11.2662
1316.4823,12.0648
1317.1873,12.6503
1320.3047,10.1612
1320.4444,11.0095
1322.2732,9.7701
1323.2439,10.2319
1323.8014,9.6915
1324.5421,9.3969
1325.4503,10.1614
1325.5047,10.5026
1326.4548,11.4043
1326.8803,11.0339
1326.9471,12.3514
1328.8738,10.4745
1330.6155,9.2136
1333.4882,8.9772
1333.8012,9.2615
1336.5718,8.6457
1337.4835,7.9851
1340.9697,4.6226
1341.5762,6.1094
1341.6004,8.3564
1342.3238,7.9652
1342.5956,8.1727
1345.1881,5.6466
1345.3977,6.771
1345.9352,6.3795
1347.5644,6.6393
1348.1731,6.4133
1349.8253,5.974
1350.1702,6.3177
1350.7425,6.003
1350.8607,6.3579
1352.7551,5.1974
1352.7574,5.697
1353.3407,5.4245
1354.3432,4.6636
1356.7584,2.345
1357.7258,1.5199
1357.9834,2.0649
1358.2967,1.9861
1358.8248,1.5143
1359.4388,1.1153
1361.2418,0
1362.1155,0.2206
1363.0697,0
1363.5347,0.3047
1365.1521,0
1365.2323,2.0491
1366.6466,0.6761
1366.7984,0.7278
1368.2819,0
1368.6194,0.4692
1368.9688,2.518
1369.9651,1.9034
1370.5509,1.606
1371.677,1.4887
1372.4494,1.2904
1373.142,1.1007
1375.1018,0
1378.4332,0
1378.8567,0.0533
1380.26,0
1380.8504,0
1381.0762,0.0865
1384.9013,0
1386.7747,0
1387.013,0.3652
1387.7226,0
1388.6435,0
1388.6871,0.5738
1389.9335,0
1391.3171,0
1391.5764,0.0089
1393.0167,0
1393.3397,0.5587
1393.4369,2.4319
1394.8998,1.0296
1401.0227,0
1402.4802,0
1402.7285,0.0371
1404.6683,0
1405.0118,0.9013
1406.2901,0.2016
1406.9111,1.141
1407.0286,2.3748
1407.3747,2.5655
1408.4093,2.2576
1408.5007,2.3411
1411.8787,0
1413.9876,0
1414.9458,0
1416.3427,1.4899
1417.3168,1.3955
1418.4619,0.708
1422.5652,0
1424.1352,0
1424.8276,0
1425.2463,1.3982
1425.5817,1.8491
1428.8971,0
1430.0543,0.8986
1430.5259,0.5477
1431.0594,0.4982
1431.4909,1.2622
1432.1193,1.437
1432.2561,1.5629
1433.0047,1.5666
1433.8222,0.8919
1434.044,2.7807
1436.8461,0
1438.6796,0
1442.5066,0
1442.9695,0
1447.9265,0
1448.1936,0.0568
1449.6806,0
1450.1893,0
1450.6996,0.2928
1454.0966,0
1456.0273,0
1457.2422,0
1459.0324,0
1459.3903,1.4225
1459.729,1.5033
1460.2063,1.411
1460.4118,2.066
1460.9378,4.2894
1462.0815,3.3787
1463.048,3.7655
1464.9363,2.054
1466.9426,0.6402
1467.8099,1.3013
1467.8251,1.8555
1468.7092,1.1816
1470.9961,0
1472.274,0
1473.0331,0.0386
1473.342,0.2337
1474.0122,0
1474.3496,0
1474.6584,0.5914
1474.9129,0.958
1476.6178,0.463
1478.0556,3.5877
1478.1401,3.7322
1478.1559,5.4908
1478.4477,5.6405
1478.6452,5.6106
1478.8639,7.0556
1479.526,6.7138
1480.0326,6.8844
1480.7677,6.3271
1481.3472,5.9553
1481.6671,6.6924
1482.5207,8.4196
1483.2854,8.3331
1483.5516,8.3534
1484.3086,8.6706
1485.2689,8.5132
1486.3833,7.5874
1487.901,6.2987
1491.4277,3.1765
1492.0319,2.7063
1492.7805,2.106
1494.8894,0.3672
1495.771,0
1499.2743,0
1500.6412,0
1502.0332,0
1502.9789,0
1503.6045,0.8508
1504.4413,0.172
1504.6065,2.5812
1504.9448,2.3096
1505.6376,2.5697
1506.1807,2.3224
1506.3789,2.3698
1509.6774,0
1510.6478,0.2514
1514.5726,0
1515.2572,1.4065
1515.2766,2.3795
1515.6757,2.3111
1518.0697,1.386
1519.7419,0
1519.8663,0.1143
1520.3403,0.0142
1522.3949,0
1522.435,0.7342
1523.8328,0
1525.2587,1.6362
1525.6806,1.4888
1526.2521,1.209
1526.6882,0.7948
1527.329,0.24
1529.5395,0
1529.857,0.3119
1531.5756,0
1533.1285,0
1534.162,0
1538.1377,0
1538.5875,1.4873
1539.1429,1.1713
1539.9955,3.0687
1540.5665,3.9349
1540.9674,3.6165
1541.0901,4.3004
1541.4107,4.0858
1543.4446,3.2885
1546.3681,0.5508
1547.7242,0
1548.5055,0
1552.927,0
1553.1372,0
1553.7026,0
1554.5999,0.472
1555.4106,0.7561
1555.6807,2.7745
1558.3445,2.6684
1559.5154,5.0115
1562.8977,2.0732
1563.5502,1.8767
1564.3415,1.1941
1564.9418,2.4948
1565.2932,2.4466
1565.3468,3.597
1566.384,3.0954
1567.1298,2.4979
1568.472,1.6774
1568.9912,1.5937
1569.2978,1.4586
1572.2935,0.1564
1572.4753,1.0159
1572.5764,1.9501
1574.2976,1.5669
1574.6315,2.2358
1576.3236,1.864
1576.8636,2.1576
1577.8198,1.7247
1578.4098,2.3698
1578.7017,2.7275
1579.5235,1.9857
1580.1596,1.4648
1580.7005,2.6961
1581.7942,3.2885
1582.493,3.7266
1583.2845,2.978
1584.4296,2.2682
1585.2765,1.6026
1587.2635,0.4358
1590.4833,0
1590.7194,0.1026
1592.8653,0
1593.9064,0
1594.2605,2.313
1595.3086,1.2958
1595.3273,1.9258
1597.9913,0.5326
1598.1831,4.4662
1598.7218,4.0785
1599.2961,4.9092
1599.3355,9.7612
1599.5794,9.6746
1602.3596,7.03
1603.0533,6.6593
1607.4212,2.4716
1607.7196,3.5805
1607.7598,6.1478
1610.6431,3.282
1611.2898,2.7422
1612.089,2.949
1613.0456,3.8539
1613.0976,3.9283
1615.758,2.0702
1616.1769,2.8833
1617.7809,1.4376
1618.8722,0.3956
1619.8654,0
1621.5489,0
1622.2943,2.7514
1622.6493,3.7299
1622.9922,3.7295
1623.8453,3.3695
1625.129,3.1535
1625.9933,3.3549
1626.0182,4.7649
1626.2846,4.8776
1626.7662,5.1921
1627.0543,7.3795
1627.9565,7.2176
1628.2463,6.9705
1628.3352,7.4091
1629.784,6.044
1630.66,5.9251
1634.5064,2.2592
1634.802,2.8916
1637.0782,4.3451
1638.1291,8.5252
1638.7632,8.0459
1639.7689,7.7691
1640.2172,7.9181
1640.6694,7.5335
1641.3853,6.9158
1642.6048,7.1048
1642.7496,8.7467
1643.8685,8.6746
1644.1014,8.805
1644.127,10.0943
1644.2545,11.14
1646.711,8.9424
1647.8746,8.4838
1648.2139,9.4125
1648.9823,10.5535
1649.309,12.9692
1650.1287,12.5675
1651.2001,11.6141
1651.2588,11.6691
1651.7978,11.1303
1653.521,9.4873
1655.0654,8.6173
1655.442,8.4406
1658.8953,5.5988
1659.8522,6.4499
1662.3821,4.6816
1664.2427,4.4383
1665.0848,4.8667
1665.5686,5.4787
1666.0656,5.5508
1666.506,7.2716
1667.5971,7.7503
1668.8471,6.636
1671.8643,4.9369
1673.8274,3.7192
1675.2135,3.3905
1678.8386,0.5584
1679.7539,1.044
1680.7932,0.1381
1681.1098,0.0729
1681.6672,0.2703
1682.7259,0
1683.5528,0
1683.7808,2.0181
1685.3029,1.0046
1686.2885,0.1662
1687.3096,0.4914
1688.8556,0
1689.0318,0
1689.5859,1.8595
1691.8812,0
1693.7417,0
1694.9625,0
1695.5704,0.3528
1696.0434,0.3905
1696.658,1.1818
1697.7754,0.4558
1699.7579,0
1700.3841,0
1701.5683,0.676
1702.3799,0.4329
1703.8,0
1705.2189,2.0364
1706.1413,1.5578
1707.3325,0.6156
1707.9889,0.5237
1708.2603,0.6844
1709.5464,0
1712.1475,0
1714.8407,0
1716.1397,0
1716.4799,3.8291
1716.4853,4.625
1717.9213,4.1708
1719.6988,2.9393
1720.9094,3.3568
1721.7121,3.0164
1723.5446,2.5533
1724.3177,2.8279
1724.8097,2.4219
1726.9249,3.2408
1727.3512,5.2489
1727.3799,6.5633
1728.3406,6.1972
1728.6957,6.6902
1728.9853,6.5476
1729.0768,7.9489
1730.5657,7.0284
1731.2932,6.3413
1733.3743,4.5012
1735.4726,2.4866
1736.7317,1.4581
1738.8777,0
1739.304,0
1740.065,0
1740.5962,0.748
1741.7117,1.8616
1742.1082,2.3301
1743.0394,1.4987
1743.3661,1.603
1743.4637,3.0572
1743.7307,3.4241
1745.6333,1.5482
1746.1042,2.9126
1746.3836,2.7654
1747.5833,3.6262
1747.7536,3.4611
1747.7838,4.1924
1747.7963,4.8919
1748.5058,4.3792
1750.2185,3.0805
1751.3814,3.2811
1752.5602,2.2257
1752.699,2.6202
1752.8367,3.5329
1753.695,2.9888
1754.3442,2.6682
1755.66,2.915
1755.7118,3.814
1755.8516,5.9089
1757.9476,4.182
1759.1125,3.4209
1759.6794,4.9575
1763.2303,2.3909
1764.4097,3.7001
1764.6693,7.722
1766.3659,7.022
1766.5296,6.9631
1766.6281,7.1001
1768.2853,8.8976
1768.5101,9.9201
1768.8117,11.2185
1768.9727,12.7321
1770.9773,10.944
1771.0594,12.7813
1772.0424,12.13
1772.3152,11.9526
1772.8441,12.6533
1773.1906,12.357
1777.0799,8.8658
1778.9803,7.424
1779.1032,7.9124
1780.0916,9.608
1780.8428,10.0022
1781.6869,9.9189
1783.6855,8.0484
1783.7699,8.0395
1785.1641,6.847
1785.2511,6.8846
1785.6715,6.4748
1786.2435,5.9938
1786.3147,8.0293
1787.1549,7.6771
1789.0283,10.1816
1789.9504,9.3811
1790.1838,9.3924
1792.1174,8.7236
1792.7512,8.9958
1793.0405,9.3341
1793.2696,9.9676
1794.0036,10.1887
1794.8001,10.3323
1795.5686,11.4092
1796.0331,11.6355
1797.2302,11.4127
1800.4616,9.4162
1800.8806,10.5227
1801.4723,11.3764
1801.7464,12.0028
1802.1241,13.4155
1802.4846,13.5238
1803.9713,12.1134
1804.3989,12.2312
1805.6309,11.0556
1807.051,10.0004
1808.7092,10.5853
1809.6255,10.0399
1809.9285,12.4328
1812.3443,10.3499
1813.251,9.6256
1814.3004,9.2919
1814.7016,9.195
1815.1624,10.8474
1815.6501,10.7367
1815.9498,12.4281
1816.7976,12.5193
1818.3318,14.7392
1818.5849,15.1012
1818.6588,16.3113
1820.2055,15.7453
1820.6323,15.7003
1823.5062,12.8834
1823.5329,13.6893
1824.3612,13.7092
1824.8372,13.2925
1826.6417,11.8614
1827.3596,11.3809
1828.2284,11.4441
1828.2531,11.4477
1828.2714,11.6575
1831.4896,8.7284
1831.8154,9.4049
1831.9347,9.5397
1832.2063,9.4577
1833.4876,8.2348
1835.6627,7.141
1835.6661,7.5615
1836.3455,8.7072
1836.8795,13.1592
1837.4195,14.9927
1837.4814,15.3015
1837.6494,15.6142
1837.8297,15.4495
1841.2767,12.5512
1841.8733,12.5744
1841.9293,12.9885
1842.3054,15.5551
1843.3554,15.6053
1843.5307,16.3863
1844.9406,15.4723
1845.4827,16.4027
1845.7886,16.16
1846.3957,16.4065
1848.2736,16.3072
1850.2085,16.8557
1850.4036,17.5043
1850.5124,18.7864
1852.1124,17.8166
1853.1366,16.807
1854.6299,16.7343
1855.3853,16.7284
1855.4814,16.6393
1856.2327,16.2582
1858.7389,16.2153
1858.9675,16.5313
1860.7051,15.3338
1862.2454,15.3998
1864.2865,13.7641
1864.4762,13.7436
1864.9176,15.4001
1866.3232,14.2829
1866.6975,13.9398
1867.4594,13.9418
1869.3286,12.0792
1869.5084,12.4361
1869.8686,13.2716
1870.4144,13.8911
1870.5604,14.9346
1870.7631,16.1936
1873.6632,14.4147
1873.667,14.798
1875.0474,13.7814
1875.0694,14.1203
1876.6216,13.944
1877.4827,13.8414
1878.2617,13.4504
1878.4649,14.38
1878.8542,14.6602
1879.6341,14.0875
1881.3396,14.3895
1881.6152,14.3307
1882.1327,14.674
1883.6977,13.5647
1884.131,13.4265
1884.3402,14.8179
1885.0325,15.6081
1885.5877,16.2753
1886.4863,15.4702
1886.5291,16.4068
1887.3173,15.9386
1887.3422,16.0845
1895.5157,8.8217
1895.7272,9.0277
1895.7278,9.2067
1896.4743,9.4842
1898.1455,9.7726
1898.7836,10.1754
1899.7055,9.33
1902.4544,7.872
1904.2192,6.1172
1905.4083,6.8547
1905.5738,6.7149
1905.6923,8.5513
1906.1009,8.2644
1908.4071,6.3115
1910.4661,4.6128
1912.0944,3.1781
1913.011,3.0103
1914.3327,2.0391
1914.4593,2.851
1915.1519,2.8739
1915.5032,3.3427
1915.8097,4.2784
1916.5255,4.0189
1917.6961,2.8768
1920.6064,0.8934
1921.9936,0
1921.9948,0.0372
1922.4249,0
1924.3462,0
1925.1535,0.2029
1925.8885,0
1925.9797,0.225
1927.8836,0.1035
1931.7505,0
1931.8115,0.2085
1932.3717,0.8118
1933.5323,1.8769
1933.627,1.9332
1935.4554,0.7687
1937.8837,0
1938.2544,0.15
1939.3062,0
1940.6508,0
1941.0958,1.4917
1942.2218,2.2859
1943.7543,1.4039
1943.7616,2.8944
1944.2747,3.0617
1944.5938,3.5534
1944.8251,6.2341
1946.2326,6.6847
1946.6129,7.7322
1946.7915,7.7136
1948.1419,7.6112
1948.2807,8.4289
1948.3417,9.2565
1949.6843,9.8399
1950.1526,10.5342
1951.4459,9.3629
1952.5041,8.4305
1953.4193,7.9981
1953.6067,8.2333
1953.8534,8.0078
1954.4489,7.969
1954.623,8.0007
1955.4631,7.2459
1955.8409,6.9116
1957.9146,5.2921
1958.1353,5.5965
1959.5855,4.1811
1961.6071,3.2975
1962.3257,3.246
1964.5995,3.2955
1965.5782,2.7037
1965.857,2.9493
1966.4016,3.6634
1967.7586,3.4768
1970.2611,1.5093
1971.6897,0.1957
1973.3592,0
1973.4162,0.987
1973.6474,1.4054
1973.9971,1.3946
1975.1867,0.2844
1975.2026,0.3189
1975.9565,0
1977.1042,0
1977.3407,3.5036
1977.8395,3.608
1980.323,1.2917
1980.7288,1.3213
1981.0471,1.3193
1981.4341,1.4119
1982.7315,0.8782
1983.1788,1.0794
1983.3823,0.9949
1983.8284,1.9529
1985.0723,1.5427
1985.4982,2.3358
1987.8014,0.4484
1989.3888,0
1995.3777,0
1995.5906,0.4002
1995.9552,0.2366
1998.5762,0
2000.5715,0
2002.928,0
2003.6112,0
2004.1156,0
2005.4482,0
2005.6887,0
2007.3837,0
2007.4442,0.358
2007.6689,0.4977
2008.2648,1.1976
2008.4962,4.2158
2008.5238,4.3617
2009.7074,3.2469
2011.0654,2.3741
2011.3643,3.0755
2014.7368,0.8123
2016.2505,0.6981
2020.5194,0
2021.5199,0
2022.0455,0.7664
2023.5744,1.7636
2024.5158,1.2818
2024.7196,1.3411
2026.0188,0.0525
2026.4236,0.1982
2028.1642,0
2029.4599,0
2029.8056,1.2535
2031.3453,0
2031.7093,0.4156
2035.0118,0
2035.1952,1.3589
2036.6272,0.7335
2038.0116,0.4728
2042.2545,0
2042.9137,2.6048
2043.8335,1.7653
2044.3311,1.8961
2044.5974,2.8686
2045.6382,3.5041
2047.6356,1.5879
2047.7241,1.8085
2048.2153,1.8656
2048.362,1.791
2048.5183,1.7727
2050.3382,2.2501
2050.4332,3.3525
2050.7978,3.4801
2051.7394,2.7961
2052.3285,3.0575
2053.3316,2.7347
2053.6874,2.9519
2053.7538,3.3799
2055.9449,1.4675
2056.0608,1.3799
2056.5705,2.759
2057.4868,4.2522
2058.9068,3.1596
2058.9618,3.5358
2059.0183,4.6495
2059.3107,4.6789
2062.8394,1.8255
2063.3834,1.671
2063.4399,1.6563
2064.1386,2.8458
2065.2748,2.6574
2066.2281,1.7865
2066.2691,2.1282
2067.5305,1.3413
2068.5938,0.5161
2068.9919,1.0295
2069.7505,0.8352
2069.8798,0.817
2071.1549,1.0822
2071.635,1.1095
2072.266,1.3415
2072.5454,1.9114
2072.5968,2.0747
2072.864,1.832
2074.1417,0.5985
2077.0121,0
2078.2881,0
2079.9356,0
2080.6363,0
2083.9177,0
2084.0622,1.2539
2085.7121,3.1756
2086.5335,7.0697
2087.4211,6.2362
2089.099,5.6862
2089.7167,5.6352
2093.0927,2.7191
2093.9752,2.4233
2094.6117,1.9761
2095.0966,1.7817
2095.5619,2.9966
2097.483,1.1196
2099.5163,0
2100.2676,0.2679
2101.143,0
2101.6619,0
2101.9561,0.4069
2102.6032,0
2103.0722,0
2103.8024,0
2105.013,0
2105.6516,1.1301
2107.4247,0
2107.5294,0
2107.533,1.0695
2107.6554,1.252
2107.9918,2.1916
2109.1849,1.7796
2113.8192,0
2114.8562,1.7163
2114.9874,1.8534
2115.3237,1.536
2115.5095,1.9227
2116.4773,2.0586
2117.1369,1.6521
2117.5512,1.3768
2118.0013,1.2373
2118.6232,1.0938
2119.4363,0.3517
2122.234,0
2123.8869,0
2126.8512,1.6907
2127.1864,1.6226
2128.0601,1.9797
2128.2586,2.1071
2128.3164,2.717
2128.3179,4.6891
2128.8316,4.4852
2129.3575,4.2453
2130.3194,4.1032
2134.493,0.3093
2136.4821,0.5961
2137.4082,0.3085
2138.0753,0
2139.3575,0
2141.0096,0
2141.0388,0.0781
2141.3128,0.4412
2143.3893,0
2143.9509,0.3858
2145.1427,0
2145.7311,0
2147.5519,0
2148.7704,0
2148.9117,0
2149.0499,0.0568
2150.0267,0
2150.7551,0
2152.4669,0
2152.887,0.425
2153.4296,0.0206
2153.4676,0.4773
2153.5581,0.5151
2154.2655,1.7704
2155.3088,0.8517
2156.3335,2.8161
2158.3766,1.0061
2159.5533,0.3099
2160.8665,0.7963
2161.2248,0.6597
2162.0762,0
2162.5019,1.177
2163.093,1.1716
2164.2629,0.6293
2164.9427,1.2531
2168.1159,0
2168.3985,0
2169.7674,0
2170.0477,0.4071
2171.5659,0
2173.2879,0
2175.403,0
2175.4488,0
2176.0918,2.1875
2178.0408,0.8205
2178.6031,0.3937
2178.6635,0.3966
2179.7765,0
2179.8694,1.4201
2180.0804,3.0121
2180.2707,2.92
2180.3481,3.5651
2181.1038,2.9538
2181.8955,3.8695
2182.3439,4.056
2184.2848,2.4932
2184.9944,2.0155
2185.3501,3.0217
2186.8227,1.5548
2187.4093,1.6099
2189.3093,0.2652
2191.1445,0
2192.6835,0
2192.6967,0.5671
2192.7054,0.9805
2192.7123,1.1703
2194.7324,0
2195.3888,0
2195.3924,0.8596
2198.1478,0
2200.0889,0
2201.116,0.2411
2201.8538,0
2202.3311,0
2202.3979,0.3311
2203.6932,0.0532
2206.5478,0
2206.5775,0.1094
2207.0103,0.178
2207.7167,0
2207.8034,0.2056
2209.183,0
2210.2972,0
2212.3704,0.3804
2214.479,0
2214.5106,0.8423
2216.6032,0
2216.6401,1.3811
2217.4121,0.6421
2217.9054,3.7811
2218.6294,3.2165
2220.9642,1.5132
2221.0547,1.4977
2223.7841,0
2223.9282,0.1727
2224.939,0
2226.8772,0
2228.1487,0
2228.2441,0.8498
2229.8182,0
2230.9553,0
2231.7117,0
2231.817,0.3164
2231.8768,1.0113
2235.3077,0
2235.8284,1.5331
2236.3023,2.3594
2236.8389,2.0092
2237.7682,4.1313
2237.9182,4.2942
2239.9154,2.742
2240.6707,5.5907
2241.0809,5.3137
2241.2384,5.7079
2246.124,1.1606
2246.2941,1.4145
2247.4217,0.4825
2247.9807,0.031
2248.1344,0.3192
2250.3146,0
2250.649,1.4437
2251.5107,2.068
2251.6504,2.6887
2252.6201,3.2763
2252.7112,5.2095
2254.269,3.86
2254.327,4.6149
2254.6729,5.1609
2256.8948,4.8726
2259.3535,2.6386
2260.2334,2.0218
2261.6068,0.8522
2261.9179,2.7751
2262.7935,2.6022
2264.907,1.488
2267.9906,0
2268.4495,0.0635
2269.317,0.9566
2270.3014,0.0998
2271.6739,0
2271.6894,0.1953
2276.758,0
2278.9089,0
2279.1555,0
2280.4071,2.4636
2281.135,2.5204
2282.4004,4.2707
2282.5906,7.5496
2284.1132,6.124
2284.5949,6.3187
2286.1828,5.0264
2286.25,6.3713
2286.5818,7.1838
2287.8612,6.3927
2290.7537,3.786
2291.4998,4.1826
2293.2386,3.246
2295.2707,2.507
2295.961,3.3635
2296.0616,3.4089
2298.081,1.4533
2302.8282,0
2305.2898,0
2306.3394,0
2307.2081,0
2307.7395,0
2310.2992,0
2311.6629,0
2314.6288,0
2314.7071,1.3218
2315.687,0.6568
2316.6003,0
2318.0422,0
2321.661,0
2325.7511,0
2325.8973,0.0924
2326.1298,0.795
2326.7793,2.7374
2326.8269,3.3086
2327.2639,3.6437
2328.143,3.73
2328.6741,4.6005
2328.6898,5.3593
2328.8974,5.7461
2331.1185,10.0629
2331.791,9.656
2332.8225,8.7236
2333.7404,7.9505
2334.0673,7.8186
2334.0811,8.0971
2334.2335,8.2596
2334.3101,10.256
2335.2421,12.4441
2336.2095,11.4842
2336.9053,11.2179
2337.1176,12.5379
2337.7425,12.255
2338.7319,11.6483
2338.8733,11.7826
2339.7253,10.9457
2340.6765,10.8086
2341.227,10.7087
2341.7563,10.2176
2341.9849,10.1177
2343.1158,9.3171
2347.3605,5.3021
2349.2103,4.5657
2349.933,4.8247
2351.1435,3.6835
2351.161,3.8677
2352.9272,2.1319
2353.3863,2.2641
2353.9029,2.1459
2354.2046,4.5982
2354.5631,5.1129
2354.9357,5.2051
2355.7086,6.2116
2356.4383,5.9957
2357.1417,6.9475
2357.7679,7.761
2359.2848,6.7543
2359.6069,7.7497
2359.9088,7.4822
2362.597,4.8614
2363.1469,4.732
2364.0134,4.1235
2364.0642,4.2543
2365.1592,3.7852
2365.3834,4.8556
2369.6547,0.6227
2370.4916,6.2874
2371.5342,5.2649
2371.8796,6.1711
2375.0704,3.7731
2375.0808,4.169
2375.366,4.3763
2375.7776,7.769
2375.8408,8.7614
2376.6672,7.9422
2376.7999,8.055
2378.2897,6.6317
2382.0487,3.2785
2382.1546,4.974
2383.2361,5.145
2383.9035,4.5262
2384.0292,4.4363
2384.8887,4.5719
2385.8452,4.7303
2386.4652,5.3307
2386.8612,5.4399
2389.7496,2.9029
2392.1476,0.8172
2395.4184,0
2395.8379,0.491
2396.1913,0.1554
2397.9731,0
2400.0686,0
2400.4023,0
2400.9148,0
2402.2066,0
2402.231,0.2286
2403.6038,0
2404.0365,0.2071
2404.1729,1.4264
2404.4146,1.8015
2404.8512,2.8069
2405.8186,2.1071
2406.6989,2.2532
2406.7495,3.6676
2406.8808,4.9084
2407.0724,5.6049
2408.6654,4.2194
2409.6077,3.3576
2411.1533,2.067
2411.4765,1.8105
2416.2475,0
2417.3931,0
2417.9962,0.7827
2420.2617,0
2423.4375,0
2425.4913,0
2425.4967,5.1121
2426.7823,4.0564
2426.8537,4.1726
2427.2943,5.2284
2427.3893,6.3217
2428.3775,5.6372
2429.7359,4.9105
2432.8134,2.3839
2432.9365,2.3711
2433.7682,1.6024
2434.7845,1.3294
2436.8196,0
2436.9702,0
2439.3602,0
2439.615,0.4933
2439.9395,0.5496
2440.4622,0.2203
2444.562,0
2444.8201,0.5812
2445.0321,0.4474
2446.0268,0.6549
2448.3143,0
2448.8538,0
2450.0077,0
2450.7591,0
2451.3637,0.1832
2451.452,2.3503
2452.7008,2.8523
2452.9886,4.4436
2453.2996,4.3127
2454.7335,3.3517
2455.1001,5.2033
2455.2904,5.2775
2455.3023,5.6877
2457.1461,4.3047
2459.2818,2.7699
2460.298,2.1069
2460.6968,2.1836
2460.7589,2.1627
2462.1778,3.5108
2462.6144,4.0341
2462.7607,4.3531
2463.1987,5.4184
2464.6654,4.145
2464.8325,3.9853
2467.6413,1.8831
2470.3995,1.8763
2471.9798,2.4783
2472.7499,2.7138
2473.6923,2.9003
2474.112,3.0479
2475.47,2.1456
2475.4773,2.1633
2476.38,1.4221
2477.844,0.3424
2478.8805,0.4399
2479.2494,3.7885
2480.7874,2.5634
2481.3589,2.3966
2483.251,1.1912
2483.2744,1.4794
2483.4697,2.0555
2483.9803,1.7012
2484.7037,1.0756
2485.3816,1.767
2486.7154,1.5184
2487.1569,1.1363
2490.9111,0
2491.2017,0
2492.8809,0
2493.2225,1.7946
2494.5586,0.5131
2496.3481,0
2496.5033,0.6914
2496.5855,0.8202
2497.0646,0.3678
2497.4131,0.5885
2497.9945,0.1822
2500.5554,0
2501.289,0.6599
2501.4277,0.6233
2501.4377,3.5127
2502.5613,2.937
2502.9756,3.833
2503.7428,3.823
2505.1846,3.1957
2505.3447,3.039
2505.4152,3.3783
2505.6757,3.6832
2506.0681,3.7275
2506.2508,3.8327
2507.2397,4.4482
2508.6154,4.1898
2509.167,4.0706
2512.8552,1.0116
2513.6035,1.3708
2514.3465,1.1749
2517.5597,0
2517.5836,0.3531
2518.239,0.0987
2519.4873,0
2519.607,1.1474
2519.6309,1.1864
2520.7524,0.2987
2521.2387,0.4902
2521.3987,0.4379
2522.0538,0.2068
2523.2083,0
2523.7196,0
2526.6398,0.4927
2527.4115,0
2528.5312,2.6855
2528.709,2.5873
2528.9169,3.183
2534.0843,0
2535.001,0
2535.1844,2.7914
2537.3817,0.8043
2537.9096,0.6115
2538.3896,0.5494
2538.3905,1.4538
2543.5665,0
2543.6119,0.462
2546.8555,0
2547.663,0.533
2547.946,0.8666
2550.0988,0
2550.6804,1.4435
2551.6167,0.7676
2553.411,0
2554.6517,0.1882
2555.0524,0.1881
2555.2732,1.9683
2556.9871,0.3774
2557.6156,1.1103
2558.1526,1.5948
2558.9051,1.1612
2562.4459,0
2563.8679,0
2564.4203,0.9433
2565.2573,0.998
2566.3111,0.3944
2566.8262,0.6562
2567.3763,0.5286
2567.7748,0.3997
2568.2547,4.4085
2572.6346,0.1964
2573.2797,0
2573.632,0
2573.6904,0.0605
2576.1535,0
2577.0081,0
2579.168,0
2579.3521,0.8685
2579.5932,1.3572
2579.7292,2.6588
2580.937,2.5283
2582.7681,0.7758
2583.1659,1.6243
2583.7283,2.4716
2584.9273,2.2003
2585.5874,2.1332
2589.1536,0
2591.3412,0
2592.2238,0.0797
2592.3934,1.0941
2592.5086,2.1272
2592.9035,1.9488
2593.233,2.1184
2593.2649,2.308
2593.3844,3.5314
2593.4866,3.6175
2594.052,3.1256
2594.699,2.8636
2594.9464,5.3856
2595.6281,9.8965
2596.2243,10.5097
2596.533,10.2644
2599.2261,7.6951
2599.5463,8.459
2600.5437,9.2067
2601.0338,8.9489
2603.0569,7.038
2603.14,7.1756
2605.7267,6.7039
2605.7956,7.7011
2609.8174,3.7776
2610.4836,4.6422
2610.6506,5.2001
2611.3639,5.6981
2611.4564,6.6987
2611.5641,9.4124
2612.2971,9.0429
2613.4501,8.2149
2613.9137,7.9243
2616.8443,5.1852
2617.2889,6.9014
2618.1863,8.3721
2619.6234,7.0008
2620.2724,7.8525
2623.8363,4.4532
2623.9956,4.9352
2624.2979,5.1086
2625.0936,4.3551
2626.8761,4.1597
2629.9434,1.4593
2631.0996,1.342
2632.478,0.3929
2633.7819,0
2634.0523,0.9675
2634.8014,1.1269
2635.3244,0.7069
2636.1065,0
2636.7646,0
2636.8922,0.3616
2639.533,0
2639.5559,0.5805
2639.8282,1.4052
2641.4602,0.4448
2644.1605,0
2644.4337,0.2002
2649.8175,0
2652.001,0
2652.0603,0
2652.7996,0.5001
2653.3052,0.981
2654.3849,0.139
2654.692,0
2655.6239,0
2655.6567,0.0928
2658.0557,0
2658.8846,0
2659.5441,0.4015
2659.878,0.189
2660.0735,0.2172
2660.2626,0.5962
2660.4654,1.379
2663.0271,0
2663.5547,0
2665.8899,0
2665.9864,0.3575
2667.0667,3.551
2667.9278,2.8411
2668.7088,2.4086
2669.0312,2.6928
2669.2938,4.2437
2672.3327,3.5869
2673.1387,2.9397
2673.2829,5.3106
2673.76,6.2281
2674.3425,6.0621
2677.6009,3.7486
2678.3093,3.665
2679.1348,3.0886
2679.5704,3.0264
2679.5916,3.469
2681.5921,1.8237
2681.598,5.9896
2685.0916,3.2921
2687.2149,1.8156
2688.6279,0.6177
2689.5817,0
2692.5092,0
2693.2111,0.2924
2694.4586,0
2694.6196,0.8269
2695.1906,0.3005
2697.8457,0
2698.9049,0.5732
2701.0105,0
2701.379,0
2702.1906,0.2154
2703.3282,0
2704.8947,0
2705.051,0.8595
2705.0558,1.3368
2706.2451,0.2077
2707.1672,0.3159
2707.5951,0.3957
2708.5292,0
2710.5297,0
2711.5584,0
2712.5359,0
2712.5594,1.7057
2713.2993,1.0822
2714.3221,1.9531
2717.5047,0
2718.8314,0
2719.9775,1.1042
2723.3005,0
2724.5646,0
2725.7997,0
2728.3982,0
2728.8145,0.0171
2728.9466,1.4388
2729.7434,1.4296
2729.837,2.0349
2729.9176,2.8114
2730.3875,3.1347
2731.2988,3.8239
2731.816,5.2818
2732.2259,6.1174
2735.9824,2.4631
2737.3291,1.3176
2738.4567,1.3882
2739.3919,0.6667
2739.8703,1.076
2740.3372,0.7753
2742.3692,0
2743.5106,0.8034
2744.0345,0.9372
2744.4465,1.6672
2747.6918,0
2749.7106,0
2751.0582,0
2751.4688,0
2753.6911,0
2753.7226,0.0485
2754.5142,0
2756.7005,0
2757.1339,0
2757.9516,0
2758.0506,0
2758.4113,0.0245
2761.6343,0
2762.492,0.0321
2762.8753,0
2763.05,1.7301
2763.7875,1.3164
2764.2147,1.1072
2765.6061,0.0934
2765.6678,1.8587
2765.7333,3.3386
2766.4465,2.9921
2766.4891,3.1956
2766.9095,2.9088
2767.6039,2.8992
2768.2288,2.3377
2772.7172,0
2772.9387,0.471
2773.672,0
2774.131,0
2776.5846,0.24
2778.9042,0
2780.2518,1.5748
2782.0242,0.0262
2782.2862,0.1811
2784.5205,0
2785.171,0
2785.8091,0
2786.0491,1.9797
2787.1222,1.8758
2789.8003,1.9736
2791.3057,1.2763
2791.9384,1.0211
2792.2557,0.9314
2796.0047,0
2796.8545,0
2797.4594,0
2797.8417,0.5584
2798.2355,0.4867
2799.2531,0.0138
2799.2937,0.3954
2801.2079,0
2801.7152,0.2978
2802.0327,0.4882
2802.3464,1.0712
2802.678,1.0366
2802.6798,1.6866
2803.0606,1.4965
2803.1482,2.8453
2803.8548,2.3203
2803.9617,2.3676
2805.8622,0.799
2807.4929,0.8614
2808.2965,2.0141
2811.2595,0
2813.0613,0
2815.36,0
2815.4069,0.4118
2816.6729,0.6333
2817.5325,0.1347
2818.2283,0
2819.0701,0
2819.3434,0
2823.9901,0
2824.6275,0
2826.3448,0
2827.1246,1.8657
2827.5137,1.7936
2828.0099,1.3318
2829.7945,0.941
2830.1896,2.562
2832.5759,0.8956
2834.1576,0.2065
2835.4639,0.294
2835.8848,0.8923
2836.5246,0.4661
2837.1983,1.1887
2837.5456,1.3679
2839.2169,0.6855
2839.553,0.6769
2840.2817,0.1226
2841.0413,0.463
2842.1148,0
2843.2372,0
2844.1734,0.6269
2845.3717,0
2845.4464,0.3207
2848.1337,0
2849.0029,0
2849.3328,0
2851.6393,0
2854.7362,0
2854.768,0.2303
2857.1678,0
2857.3059,0.622
2858.2307,0
2858.2525,1.603
2858.5546,1.7368
2858.9339,1.7663
2862.0707,0
2863.364,0
2863.6281,0
2864.2542,1.9889
2864.2619,2.5707
2865.1739,2.1372
2866.7343,1.6074
2867.674,0.9579
2868.3169,1.0152
2868.5591,1.2577
2869.4896,1.0098
2870.5866,0.042
2871.2578,0.2735
2871.6392,0
2872.0782,1.2
2873.8047,0
2873.9569,0.9639
2874.8778,0.5753
2874.9682,1.3798
2876.758,0.4369
2877.0915,0.894
2877.6992,1.9499
2877.9934,1.7475
2878.0167,1.82
2879.4723,0.5549
2880.1338,1.0601
2881.0045,0.8606
2881.9498,2.3428
2887.0997,0
2889.8852,0
2891.0067,0
2891.8255,0
2892.7833,0
2894.0094,0
2896.3486,0
2896.5864,0.0225
2896.8748,0
2898.2814,0
2898.8493,0.2873
2899.1539,0.2326
2900.0968,0
2900.3082,0.3362
2900.6996,0.5201
2901.4311,0.2474
2901.6765,1.7099
2901.8167,3.711
2901.9608,3.6996
2902.2254,4.4961
2902.5588,4.5102
2903.0425,4.1008
2903.9296,5.2084
2904.4205,4.7449
2904.8436,4.4306
2907.0046,2.4148
2907.2169,2.2732
2907.659,3.0546
2908.557,2.742
2912.6474,0
2913.7885,0
2915.4355,0
2916.1083,0
2917.634,0
2918.4469,0.8794
2918.5854,1.5896
2919.6662,0.7937
2920.6877,2.37
2920.9674,3.9403
2920.9902,4.082
2921.2241,4.8383
2923.8056,2.6235
2929.2412,0
2929.8962,0
2930.4855,0
2931.1847,1.1667
2931.6033,1.5048
2933.0811,0.5894
2933.472,0.7657
2936.2716,0
2937.5806,0
2937.7422,0.0544
2939.4581,0
2939.6219,1.1152
2940.8513,0.0365
2940.9966,0.0106
2941.567,0
2944.3473,0
2944.7154,0.5821
2944.7991,0.8431
2946.6568,0
2946.9857,0
2947.6693,0
2949.3194,0
2951.7843,0
2952.127,0.3243
2952.2637,1.6598
2954.6198,1.9898
2955.5367,1.9806
2955.7848,3.5959
2956.4023,6.4956
2956.7347,6.9233
2957.1912,6.6952
2958.1675,7.2529
2959.2089,7.7983
2960.9661,6.3648
2961.0366,8.6757
2961.9649,8.6917
2962.6988,10.0766
2963.3059,9.7093
2963.8036,9.383
2966.0865,7.949
2967.6228,6.5681
2970.0527,5.139
2971.1204,5.997
2971.1935,6.183
2971.6917,7.3662
2973.0336,6.7201
2975.1453,4.656
2975.707,5.2875
2976.319,5.1226
2976.357,9.2404
2977.5514,8.8955
2978.0192,8.6834
2978.6314,8.2558
2980.5213,6.4088
2983.3702,3.7995
2983.8694,4.2943
2984.4444,4.1825
2985.2248,3.5763
2985.8138,3.475
2988.177,2.491
2988.3923,2.5501
2989.842,1.2853
2990.3125,2.211
2990.3918,2.1575
2990.6719,2.9585
2991.0827,2.6506
2991.7712,2.7226
2993.3101,2.537
2993.9466,2.0864
2996.6016,1.1709
2996.8566,2.5012
2997.6607,3.4529
2998.7878,3.0926
3000.9812,3.1478
3001.0492,4.6604
3001.4089,5.6753
3003.5211,5.438
3005.1074,5.1912
3005.6163,5.7418
3007.3454,5.2164
3008.0779,5.4718
3008.5307,5.7998
3012.629,2.5815
3012.7263,3.2402
3012.8963,3.3117
3013.8603,3.3853
3014.8592,3.7826
3015.0697,3.8427
3015.7157,3.3282
3018.7591,1.192
3020.1401,0.0515
3022.4327,0
3023.1569,1.1299
3023.7378,1.0921
3024.5364,0.3987
3025.9436,0
3027.4643,0
3027.5419,1.3788
3028.9687,0.2261
3029.2722,1.751
3031.0485,1.9676
3031.4607,1.6651
3033.1837,1.4455
3033.3769,1.8426
3033.5846,1.8433
3034.3563,1.1287
3035.6622,0.2656
3036.9642,0
3038.1444,0.8712
3038.5456,1.4541
3038.8073,1.4319
3040.6312,0.7264
3040.6894,1.0214
3041.183,0.9023
3041.3502,1.309
3041.5413,1.5145
3042.5628,2.32
3043.2293,2.8893
3043.2799,3.3232
3043.2932,4.0787
3044.5132,4.4398
3044.9689,4.2494
3045.478,3.9344
3046.7061,2.9327
3048.6362,1.2989
3049.2029,0.8439
3049.5158,1.353
3051.7789,0
3053.015,0
3053.0307,0.7409
3057.2378,0
3057.4529,0.301
3058.5111,0.09
3059.0315,0
3059.5942,0.902
3060.4339,0.2408
3063.5938,0
3066.6369,0
3069.145,0
3069.3132,0.3136
3069.9766,0.9147
3071.3029,0
3073.331,0
3073.3645,0.0303
3074.0763,0
3075.3828,0
3076.3925,0
3077.3506,0
3077.5579,1.1568
3078.9253,0
3081.4824,0
3082.75,0
3083.3361,0
3084.1795,0
3087.8172,0
3088.9289,0
3091.8116,0
3092.0542,0
3092.2827,0.5667
3092.7402,0.2044
3092.9586,0.9279
3093.169,1.4783
3094.9313,0.7206
3095.5036,0.7212
3096.4627,0.5283
3097.3284,0
3097.3397,0.4113
3098.6971,0
3098.7556,0.2326
3101.9458,0
3102.5951,0
3104.0507,0
3104.1101,0.2365
3105.8818,0
3106.0538,1.5987
3106.5822,2.3018
3107.0268,2.1956
3108.7272,0.8947
3110.4732,0
3111.4041,0
3111.4119,0.4267
3112.6379,1.0682
3112.9344,1.2873
3114.1032,0.3136
3115.5164,0
3116.9275,1.2149
3118.8163,0.3343
3118.9242,0.386
3119.1544,0.9589
3120.068,0.5379
3120.9568,0
3121.9595,0
3122.318,0.0461
3123.7861,0
3126.1488,0
3126.7813,0
3129.3942,0
3129.581,0.3722
3130.3337,0
3130.6725,0.7039
3131.0616,0.6512
3132.6765,0
3132.7255,0.0293
3133.2645,0
3133.6361,0.4975
3134.8565,0
3137.46,0
3138.4722,0
3139.1972,1.1827
3141.4484,1.1989
3141.6845,1.4596
3141.9921,1.528
3142.2033,3.6029
3142.2185,3.747
3142.7659,3.9422
3142.8873,3.922
3143.5517,3.4834
3144.3743,2.9534
3144.7637,5.6847
3145.6224,5.2827
3145.8874,5.1652
3147.9022,3.2735
3148.8504,4.0548
3153.2058,0.0669
3154.9124,0
3155.0688,0.9216
3157.1995,0
3157.2922,0
3157.9879,0.1754
3158.6781,0.1439
3159.8713,3.175
3160.8954,2.5887
3163.0474,0.5203
3163.393,0.2612
3163.8861,0
3166.3583,0
3167.4,0.2557
3167.4311,1.047
3167.4421,2.4295
3168.7136,1.7119
3168.8364,1.6113
3168.907,2.1677
3170.7095,0.4972
3171.4904,0.5063
3171.9537,1.5019
3172.3905,1.627
3172.6779,1.9151
3172.7149,2.6334
3173.6626,2.073
3173.7079,2.4705
3173.8756,2.4596
3175.6104,3.3027
3176.1627,3.1987
3176.2816,3.3696
3176.7095,3.2414
3176.9274,4.8083
3178.5217,3.7005
3180.8453,1.3893
3183.1102,0
3184.1058,0
3185.0642,0
3185.0892,0.2632
3186.4531,0
3187.9738,0
3188.7236,0
3189.5978,0.0944
3189.8732,0.8404
3190.8797,0.8307
3193.2022,0.0937
3194.5988,0
3195.2821,0
3195.4051,0.849
3196.5353,0.6333
3197.0272,2.0058
3197.6386,1.5091
3198.0762,1.0936
3199.5879,0
3203.0958,0
3203.3201,0.4908
3203.375,0.5747
3203.9645,0.6105
3204.5087,0.4203
3204.5193,0.9043
3205.7917,0.227
3205.817,0.5536
3206.2817,1.2242
3208.8887,0
3209.0632,0.115
3210.0609,0
3210.3393,0.0682
3210.6441,1.1475
3211.0687,0.9664
3211.3938,0.748
3211.4205,1.0854
3215.3097,0
3215.4852,0.6943
3215.6894,0.7318
3216.5437,0.3649
3218.6442,0
3219.8424,0
3219.8666,0
3219.8826,0.6308
3221.2976,0.0592
3221.6287,0
3222.5776,0
3223.3176,0
3223.7657,0.1795
3224.9133,0.4951
3225.2921,0.194
3225.4442,0.2989
3225.8232,2.3877
3225.8514,6.0645
3226.9204,6.0522
3229.7014,3.2763
3231.2153,1.9344
3231.751,1.6236
3234.8909,0
3235.2595,0.5008
3236.5882,0
3238.0042,0.0978
3238.2553,0.7188
3239.1426,1.6602
3241.6388,0.1707
3241.6877,1.4632
3242.3945,0.8229
3242.9674,0.6492
3243.3455,1.0932
3244.4814,0.9604
3245.3815,0.4814
3246.0546,0.1139
3247.9727,0
3248.3163,1.7436
3249.0972,1.3787
3250.3149,2.5914
3250.6903,2.3037
3252.8687,0.3269
3253.4571,0.7099
3254.3739,1.0305
3254.4404,1.1152
3255.8955,0
3256.1786,0.2578
3257.6374,0
3259.4487,0
3259.9639,0.3367
3260.0961,0.333
3263.4768,0
3265.2554,0
3265.5982,1.8549
3267.37,2.1047
3267.9291,1.7307
3268.8474,0.9385
3269.6832,0.9148
3269.7493,1.7243
3270.6609,1.0233
3274.4409,0
3276.8712,0
3279.7477,0.6669
3280.6767,0
3281.4092,0.0854
3281.7347,0
3282.1114,0
3283.3633,0
3283.4949,0.298
3284.8525,0
3284.8888,0.0481
3286.1992,0.6076
3286.2,1.329
3286.5196,2.6137
3287.1843,2.9293
3290.2832,0.3055
3291.6106,0.5673
3291.7346,1.0365
3293.5164,0
3295.0116,0
3295.4621,0
3297.0847,0
3297.3908,0
3298.6811,0
3303.8993,0
3304.8447,1.2619
3307.076,0.4957
3307.4279,0.1882
3308.7643,0
3310.9323,0
3311.944,1.6438
3313.9583,0
3314.5548,0.7147
3314.7529,1.8607
3315.2322,4.0069
3315.4435,4.2023
3316.0263,3.7435
3316.6994,3.4632
3318.7276,3.6923
3319.9176,2.6279
3320.4928,2.8232
3320.5895,2.883
3324.3534,0
3325.9807,0
3326.3237,1.0112
3328.0803,0
3329.0039,1.8941
3329.2432,2.1627
3330.3089,2.0647
3330.3332,2.2131
3330.9814,6.11
3331.3967,6.0112
3332.4824,5.48
3333.3358,4.951
3336.1091,2.2925
3336.7824,2.4628
3339.0627,0.9985
3339.2089,2.5099
3339.5024,2.3164
3341.1803,0.6804
3342.9434,0
3343.1341,0
3344.2822,0
3344.4639,1.887
3344.8055,2.0173
3345.7237,1.713
3346.7426,1.0118
3347.749,2.1322
3347.9603,5.0134
3350.1505,3.2048
3350.8133,2.783
3351.1249,3.1006
3352.4843,1.8984
3352.6365,2.2937
3353.0222,2.0709
3354.5295,3.4434
3355.8713,2.6633
3357.1878,1.4395
3357.6609,1.31
3358.1513,1.0075
3359.8299,0
3360.4641,1.261
3360.8584,0.9574
3360.9052,1.3044
3361.1481,2.357
3362.298,1.8128
3362.3129,2.0637
3362.5327,2.7132
3363.4351,2.6995
3366.6949,2.0621
3368.7162,0.2407
3369.0002,1.5978
3370.0288,1.192
3370.6366,0.6169
3372.2551,0
3372.5675,0.5112
3372.7125,0.5854
3372.9813,0.6063
3373.8265,0.9993
3374.244,1.8094
3374.8493,1.9233
3374.9943,1.792
3376.8999,2.8666
3377.9122,1.9015
3379.5621,0.5049
3381.2955,0
3382.2543,0
3382.3546,1.2283
3384.3312,0
3385.2157,0
3388.3161,0
3388.5346,0.5207
3389.4658,0
3389.6577,0.0546
3390.6415,0
3391.1726,1.1196
3392.3471,1.5577
3393.3866,1.185
3394.932,0
3396.0358,0
3398.3538,0
3399.4095,0
3401.3496,0
3402.2811,0.0254
3402.894,0.2381
3403.1401,1.5607
3406.9771,0
3407.2515,0
3407.2523,0.988
3407.3785,0.8975
3407.8354,1.0991
3410.4589,0.5823
3410.8089,0.4392
3411.0666,1.5841
3411.1978,1.9941
3411.8698,1.5028
3413.1889,0.7006
3413.4342,0.8628
3413.6482,2.9234
3414.5795,2.8686
3414.7636,3.4277
3415.4555,2.8512
3415.8335,3.907
3417.5452,2.2091
3417.6076,2.1846
3418.0741,2.5531
3420.3655,0.8652
3421.8987,0.1356
3422.5995,1.2414
3422.6226,2.7254
3424.4574,1.2018
3426.0021,3.3149
3426.02,4.7477
3426.9069,4.5635
3428.1309,3.886
3429.4214,2.751
3430.4582,1.9268
3431.4135,1.4218
3431.9503,2.1499
3432.4668,2.3682
3433.6869,2.0674
3435.8279,0.8308
3435.8849,1.3679
3435.8879,1.4135
3437.124,0.2865
3437.1616,0.5522
3437.198,1.0526
3438.6808,0
3440.2984,0
3440.3023,0.4347
3441.4451,0
3441.5775,0.1697
3442.0935,0.667
3447.4399,0
3447.4615,0.8574
3448.2822,1.941
3448.8458,3.3497
3449.6686,2.7421
3453.0244,0
3454.4629,0.554
3455.2953,0.3643
3455.5037,0.5633
3455.6052,0.5202
3456.2192,0.9239
3456.8234,1.052
3458.3545,0.723
3459.1781,0.7535
3459.7432,0.2434
3459.7851,1.4774
3459.8905,1.9014
3460.53,1.3491
3461.8568,0.9271
3463.1455,0
3463.6712,0
3464.0755,0
3465.232,0
3466.6207,0.0999
3466.9167,0.6495
3468.3331,0.2086
3471.4604,0
3471.8433,0
3472.4406,0
3473.4704,0
3474.8144,0
3477.2809,0
3477.3354,0.6443
3478.0089,0.0579
3479.1106,0
3479.4469,1.4509
3480.6478,0.8842
3482.3049,0
3482.3137,0.3431
3485.1796,0
3485.3376,0.4941
3485.5091,1.5797
3485.9931,1.12
3486.7929,0.9807
3489.677,0
3489.9529,1.8362
3490.082,2.0217
3490.0928,2.5245
3490.4632,2.2763
3491.3849,1.3849
3491.5724,2.6197
3495.553,0
3495.7023,0
3498.067,0
3500.1638,0
3502.2437,0
3502.8929,3.1309
3506.4208,0
3506.7417,0.1392
3507.0696,0.2379
3508.4031,0.7435
3508.7118,3.8238
3509.8193,2.9302
3510.4071,3.3668
3510.5696,3.8854
3510.8122,3.8429
3511.4466,3.2525
3512.0837,3.5531
3513.8106,1.9455
3515.9319,1.2092
3516.8358,0.4314
3517.2071,1.6826
3518.4299,0.6439
3518.9359,1.132
3520.5213,0.7515
3521.9947,1.1656
3522.0808,1.0985
3522.3891,1.9109
3523.3449,1.2687
3523.385,1.823
3524.859,0.3741
3525.2828,0.0464
3526.1634,0.8642
3530.3838,0
3532.6147,0
3533.6782,0
3536.7573,0
3536.8123,0.6588
3538.3372,0
3539.6747,0
3539.9393,1.7381
3540.1269,2.8197
3541.6505,1.4248
3542.3457,1.0603
3542.7128,1.0841
3543.4465,0.4913
3544.4646,0.4604
3546.3404,0.7765
3547.9843,0
3548.1417,0.6579
3548.7023,1.5413
3550.6396,0
3552.1796,0
3552.7147,0.9768
3556.2283,0
3561.6426,0
3562.1799,1.1149
3562.7155,0.9884
3566.8141,0
3568.1333,0
3571.7806,0
3573.0068,0
3574.1131,0
3579.209,0
3582.181,0
3582.9465,1.0887
3583.7401,0.3955
3583.9081,1.3455
3584.107,1.5629
3584.5336,3.499
3584.9472,3.4974
3585.5989,5.2874
3585.8548,5.2798
3587.0273,5.8296
3587.5724,6.208
3587.656,6.1275
3587.7778,6.3655
3590.2906,4.1013
3591.0771,3.4685
3593.1818,2.021
3593.9081,2.1069
3594.4485,3.7654
3596.299,2.7332
3596.3515,2.9294
3598.9251,0.7289
3600.2431,0
3600.4872,0
3600.5634,1.2175
3601.8348,0.9124
3602.4035,3.4036
3602.8557,3.6702
3603.3587,4.2876
3605.0031,3.3075
3607.5512,1.7692
3608.1872,1.91
3610.8816,0
3611.1508,0.4305
3612.2029,0.5315
3613.2744,0
3613.7728,1.7551
3616.7139,0
3616.836,0.8171
3619.4604,0
3619.5025,0
3624.4991,0
3625.2055,0
3625.4645,0.9387
3627.6055,0
3630.3335,0
3630.3701,0.3103
3630.6949,1.8358
3630.8677,2.7082
3631.3401,2.4781
3632.4474,1.4203
3632.7745,1.2372
3634.1808,0.3491
3635.4669,0
3638.8923,0
3639.436,0
3641.1278,0
3641.9221,0
3642.9106,0
3643.5517,0.1214
3644.5339,0
3644.5669,0.3422
3644.9927,0.727
3647.6533,0
3647.8774,0
3647.8973,0.1798
3648.336,0.4409
3649.3575,0
3650.0186,0
3650.791,0.0298
3651.3738,0
3651.7405,0
3652.2037,0.1655
3652.5216,1.704
3652.5317,2.8341
3654.773,1.278
3656.8333,0.0093
3657.859,0
3658.2873,1.0075
3658.8937,0.4114
3660.0129,0
3663.7605,0
3666.1024,0
3668.5226,0
3668.7571,0.6226
3669.2976,1.0958
3669.9684,0.7036
3670.9223,1.5489
3672.2345,2.8655
3672.2872,3.218
3673.1274,2.7885
3673.4716,3.2201
3674.1912,2.7981
3675.6128,2.3391
3681.7291,0
3682.6379,0
3684.3369,0
3685.7114,0
3686.9862,0.0058
3687.7545,0
3688.7194,0
3690.857,0
3693.7178,0
3694.3007,2.6679
3694.696,3.0297
3699.7944,0
3700.8283,3.7057
3702.1025,2.4753
3702.5415,2.1624
3702.8652,2.2
3703.7572,3.391
3704.8246,2.505
3707.2772,0.1208
3708.7631,0
3710.5283,0
3713.0846,0
3713.984,0
3718.7975,0
3719.3056,0
3720.3698,0.0034
3724.4155,0
3724.5947,0
3724.8843,1.9003
3729.6026,0
3731.0334,0.2572
3733.081,0
3733.5335,0
3735.7826,0
3737.9497,0
3739.4024,0
3741.6438,0
3742.5446,1.0261
3743.0404,1.2667
3743.275,1.1892
3743.988,1.1721
3744.1108,1.234
3745.3318,0.3238
3747.6435,0
3748.6391,0
3749.6788,2.6344
3750.8674,2.1361
3752.205,4.0135
3753.6118,3.0085
3754.2145,2.8079
3754.372,2.8346
3754.6342,3.0182
3754.752,3.0679
3754.8505,3.3359
3755.3373,3.1544
3755.3953,5.957
3755.4022,6.3254
3755.6042,6.2075
3756.2425,6.3722
3757.8257,4.8353
3758.3876,4.6956
3759.189,5.9681
3760.6593,5.2643
3763.2521,2.9872
3763.4156,3.3252
3767.9457,0
3768.5774,0
3769.1405,0
3771.6719,1.6143
3772.3194,1.2415
3773.3523,0.3087
3774.0543,0
3774.8055,0
3776.0799,0
3776.8238,0.3437
3777.5793,0
3777.8357,1.2896
3779.3609,0.3497
3780.0635,1.6249
3782.0791,0
3782.246,1.8038
3782.7952,1.6958
3782.8316,2.0893
3786.6703,0.1928
3786.98,0.5317
3787.2299,1.6592
3788.1794,0.8423
3789.6397,1.5689
3792.227,0.5218
3793.7133,1.1556
3794.2364,0.9122
3797.4445,0
3797.8178,0.8302
3798.0344,0.8009
3798.0407,1.8391
3798.4731,1.466
3798.6683,1.5049
3798.9336,1.8068
3800.6008,0.8859
3800.9696,2.4211
3802.1609,1.8584
3803.2363,1.1577
3803.9733,1.9115
3804.4108,1.8409
3805.9802,0.2718
3806.9765,0
3808.2053,0
3810.3911,0
3810.823,0
3811.2427,1.1706
3811.7578,0.8457
3812.5441,0.3297
3813.58,0
3814.7649,2.1994
3815.41,1.9261
3816.8066,1.0704
3818.1205,0
3820.538,0
3823.6355,0
3825.0254,0.8882
3826.4383,0
3827.619,0
3828.001,0.9002
3829.5442,1.4828
3830.9321,0.1925
3831.0473,1.5594
3831.2349,1.3805
3832.0034,2.7158
3833.131,2.1155
3833.7909,2.7271
3834.252,2.5915
3837.3598,0.1134
3837.3667,1.0786
3837.398,1.5468
3837.8822,1.0673
3838.9933,0.1944
3839.1742,0.0437
3839.2503,1.1551
3839.7107,2.7272
3839.838,3.6955
3841.2804,2.3028
3842.3059,1.4022
3843.2329,1.3191
3843.4447,2.6712
3843.6906,3.1539
3844.3019,5.5151
3845.0103,5.4868
3847.0653,4.2404
3847.4476,3.9327
3847.9634,5.8518
3848.818,5.0467
3850.6847,3.5643
3850.7732,4.0871
3852.9667,2.7832
3854.578,2.8844
3856.1172,1.9395
3857.3869,1.235
3858.4232,1.9597
3859.1194,1.4823
3860.7342,0.1133
3862.3502,0
3863.9925,0
3865.723,0
3866.0871,0
3866.6513,0.432
3866.689,0.8606
3866.8832,1.273
3868.3324,0.0543
3870.1536,0
3870.7178,0
3873.6417,0
3875.1253,0
3880.2968,0
3882.8356,0
3883.3847,0.4936
3884.9137,0
3885.6809,0
3886.2333,0
3887.219,0.4728
3888.0461,0
3888.8218,0
3888.8676,0.1522
3889.1865,0.7017
3889.3849,1.0128
3889.9684,1.0035
3890.4118,0.8262
3890.8923,1.1606
3891.6971,1.0504
3892.5538,0.685
3893.7334,0.0366
3894.3488,0.5877
3894.3728,1.2926
3895.5165,0.4941
3896.3386,1.2797
3896.795,2.2026
3897.3917,1.6617
3897.7292,1.9178
3901.5635,0
3901.9836,0.1803
3902.3052,0.217
3902.6273,0.9214
3903.1502,0.6813
3903.8025,2.2569
3905.0377,1.9459
3905.0684,3.4544
3906.081,3.6766
3907.8175,2.3457
3908.786,2.7171
3909.1255,4.2472
3909.1651,5.1691
3909.5697,5.0086
3910.0699,4.9138
3910.2805,5.5152
3910.8663,7.2146
3911.8375,6.6596
3913.6536,5.121
3914.2363,7.6199
3916.1683,6.3569
3916.6564,9.4618
3919.5491,6.8574
3920.0335,6.405
3920.5217,6.6608
3921.1067,6.2503
3921.3901,6.3264
3923.979,6.4483
3924.7899,6.4879
3925.0725,6.4531
3927.0458,5.3501
3927.5694,4.9137
3927.6515,5.2163
3927.8742,5.49
3928.1571,5.3503
3928.2895,5.4129
3929.0983,4.853
3931.0768,5.1704
3932.1214,4.1267
3934.6015,2.1845
3934.7275,2.1556
3935.7409,3.0269
3935.8858,3.1985
3937.0262,2.407
3937.2388,2.2226
3937.2968,2.346
3937.8778,2.6349
3942.0509,0.4536
3942.1805,2.0942
3943.0387,3.6035
3944.6259,2.4041
3944.9137,2.2356
3946.0936,1.1971
3946.2263,1.0657
3946.3388,3.9289
3946.609,4.4762
3949.3697,2.7359
3949.4125,3.8083
3953.0891,0.1979
3953.4101,1.3701
3955.4164,2.0148
3957.6103,0.3618
3958.4464,0
3958.7486,2.146
3960.5314,1.0526
3962.5357,0
3962.6101,0.1766
3964.536,0.0171
3966.4719,0.1397
3967.2854,0.8622
3968.2571,0.6104
3968.6923,0.7005
3970.2918,0
3972.5454,0
3974.6194,0
3976.5967,0
3977.7704,0
3979.2829,0.2663
3980.6178,0
3983.2383,0
3983.385,0.9561
3983.3907,2.139
3983.739,3.1496
3983.8347,4.9002
3985.3913,4.3295
3985.7322,4.8841
3986.6745,4.2331
3986.7632,4.897
3987.1325,4.6733
3987.6857,4.1342
3987.9772,3.9601
3988.3536,3.709
3990.5538,1.9624
3991.0698,1.634
3991.3198,1.4295
3992.4739,3.6192
3992.7663,4.2519
3993.1484,4.1873
3993.5307,5.8853
3995.0684,4.7691
3996.9074,3.7976
3998.1495,5.0118
3998.5549,6.8435
3999.0359,6.6248
4002.3281,3.8688
4002.6968,4.3164
4003.5043,3.9084
4005.5646,2.8292
4005.8957,3.0344
4006.2997,3.4674
4006.6011,4.3878
4006.9665,4.1995
4008.3036,4.9495
4009.3289,4.0354
4009.4745,5.0474
4011.4482,3.5645
4011.5361,3.7448
4011.659,3.6401
4011.737,4.2425
4012.7011,3.7988
4014.7438,1.8614
4015.3165,1.4165
4015.6563,1.1863
4015.6627,1.6771
4017.9986,0.7456
4018.3875,3.3254
4018.5567,3.2291
4019.0245,3.8314
4019.1174,4.5941
4021.105,2.8882
4022.1246,1.8899
4022.2298,2.0239
4024.1726,0.681
4024.8029,0.7502
4029.7071,0
4031.1304,0
4031.5597,0.6561
4032.4078,0.8534
4032.4535,1.1562
4034.7642,1.5715
4035.7747,2.7788
4038.5416,2.3583
4040.0139,1.8291
4040.085,1.8957
4040.3838,1.9503
4040.7078,2.402
4041.7337,1.7557
4042.1683,2.4578
4042.9806,2.2192
4043.1784,2.2368
4043.651,3.9005
4044.2026,4.7453
4044.4193,4.7441
4044.866,4.4867
4048.0574,3.7517
4052.396,0
4053.345,0
4055.7587,0
4056.6534,0
4057.3597,0
4057.9427,0
4057.9584,0.1726
4058.7306,6.084
4059.2275,6.2658
4059.3381,7.0781
4060.604,7.4575
4064.6415,3.6359
4064.8813,3.5001
4068.5478,3.1775
4069.7979,4.8411
4071.4688,3.5813
4073.8223,2.5707
4075.6529,1.2643
4079.5954,0
4080.179,0
4081.3639,0
4083.0513,0
4083.8317,0
4083.9802,0.3205
4084.2659,0.6893
4085.5664,0.1747
4086.6941,0.727
4086.815,0.7719
4086.9199,0.7046
4087.8106,1.8056
4088.1849,2.7595
4091.9986,0.7887
4092.4271,1.3279
4093.9278,0.1321
4094.0636,1.1478
4095.2359,2.3588
4097.1766,0.7461
4098.1496,3.1602
4098.2914,3.3528
4099.4777,4.0723
4100.281,3.7644
4100.2978,4.1109
4100.8411,4.7296
4101.7139,4.016
4102.2095,4.3754
4102.7107,4.518
4103.2151,4.6663
4104.0995,4.0371
4104.1302,4.2133
4104.7314,4.7115
4105.1683,4.8019
4105.3288,5.0559
4105.753,4.9802
4106.1624,4.6643
4106.2339,5.9493
4106.7723,5.7557
4107.1682,5.7424
4108.6299,4.753
4110.2996,4.1858
4111.8008,2.9715
4113.7875,2.9359
4115.4762,1.685
4116.8617,0.58
4116.9714,2.4747
4117.0798,2.4724
4117.9704,1.8236
4120.2261,0
4120.5268,0
4121.8356,0.2219
4123.7817,0
4124.627,0
4125.2057,0.856
4129.8146,0
4130.7665,0
4135.5683,0
4135.6654,0.5591
4137.3591,0
4137.3803,0.7906
4138.3548,0.5287
4138.6806,1.2561
4140.1797,0.2218
4140.2091,0.2146
4141.2169,0.2156
4142.7855,0
4143.1519,1.0887
4145.0929,0
4146.5731,0
4149.0011,0
4152.6916,0
4153.6363,0.0269
4156.7313,0
4157.3101,0.871
4158.3146,0
4159.8575,0
4161.2972,0
4163.3645,0
4168.1492,0
4169.1216,0
4169.8634,0
4170.6709,0.171
4170.7137,0.9076
4170.8521,0.9923
4172.3233,1.4312
4172.5573,1.5107
4173.3388,1.8113
4174.7422,2.7027
4174.9031,3.5827
4175.6153,2.8771
4179.0048,1.1958
4179.4645,1.4864
4179.8634,1.5338
4180.5519,2.3955
4181.3886,2.0738
4182.7481,1.4912
4183.7987,1.1496
4184.2731,1.159
4187.0845,0.1781
4188.5031,0
4190.0849,1.4081
4190.486,1.8047
4193.0252,0
4193.1033,1.6531
4193.4757,2.0536
4194.0909,4.6052
4194.2397,4.6634
4194.3518,7.7211
4199.3416,3.194
4201.3661,1.8974
4201.8897,2.817
4203.6873,1.7222
4204.0739,1.956
4204.946,1.135
4206.7249,0
4208.0115,0.9135
4208.1539,0.7923
4208.3848,1.3655
4210.4108,0.5362
4211.2996,0.5332
4212.2787,0.261
4212.3915,0.893
4212.5135,1.0394
4212.6369,1.9518
4213.4068,2.8708
4214.1155,3.2558
4214.2927,3.2116
4215.5699,2.3736
4217.6726,0.7263
4219.8179,0
4221.5326,0
4223.6617,0
4223.9644,1.094
4224.179,1.4132
4224.9938,2.8465
4227.4858,1.6092
4227.5595,3.1454
4228.7711,2.4853
4228.9847,3.1655
4229.1717,3.3932
4229.685,3.0137
4229.6975,3.5159
4229.7092,4.1324
4230.8863,3.3816
4230.8877,4.2585
4231.1942,4.4949
4231.5028,4.598
4231.8216,4.3766
4232.3392,3.9826
4232.4336,3.9206
4233.1683,3.2591
4233.4378,3.398
4234.8886,2.4534
4235.787,2.3626
4236.3145,2.5074
4238.9301,0.4567
4239.9625,0.2253
4240.4736,0.517
4240.9796,0.8739
4241.0619,1.1691
4241.8137,1.056
4242.1515,1.838
4243.6058,1.1717
4243.738,1.8695
4244.0002,1.858
4244.1813,1.8746
4244.3351,2.0847
4245.9124,4.5451
4246.1142,5.0045
4249.7472,1.8557
4249.8781,2.1529
4249.9722,2.6636
4250.4159,3.4724
4251.254,3.6745
4251.3875,4.8184
4251.829,5.6161
4252.3343,6.6337
4253.7616,6.3847
4254.0562,7.3279
4254.9495,7.1978
4255.3056,7.3693
4255.622,7.6343
4255.6538,7.9879
4255.7161,8.1378
4256.7603,8.152
4257.8678,7.728
4259.2471,6.5435
4260.9949,4.8302
4261.124,4.9074
4261.757,4.358
4261.8798,4.6109
4262.5235,5.3882
4264.7049,3.5212
4266.0986,2.2699
4266.2477,3.9879
4267.067,3.2609
4268.6401,3.7679
4271.3981,1.4936
4271.9601,1.4485
4272.4316,2.4299
4272.9806,2.6688
4273.055,2.7326
4273.267,4.1069
4273.9206,3.995
4274.694,3.7764
4275.6707,3.3438
4276.5553,3.3742
4277.3679,2.5804
4277.4593,2.7467
4277.6641,2.7162
4278.2308,2.9282
4278.6694,2.622
4278.96,3.4857
4279.9218,2.7788
4282.6975,0.1177
4285.6877,0
4285.7397,0.4716
4286.669,1.3897
4286.9208,1.3538
4286.9946,1.7021
4287.0079,2.4097
4288.2638,1.2346
4288.767,1.1188
4288.8705,1.1393
4289.8986,0.216
4291.8194,0
4293.6713,0
4297.4194,0
4298.4341,0
4299.7264,0
4300.1139,1.4025
4300.6249,1.8587
4301.4075,1.6104
4302.321,0.7627
4302.7612,2.3227
4302.9843,2.2477
4304.6807,0.7214
4305.6212,0.679
4306.2203,0.7577
4311.6535,0
4311.8351,0.1604
4312.254,1.0591
4312.5315,1.1107
4313.9494,0.2135
4314.9613,0.1452
4316.6465,0
4317.2904,0
4317.8177,0
4318.4744,0
4319.9759,0.1451
4320.8903,0
4321.3941,0.8099
4324.116,0
4325.1829,0.705
4325.4183,2.1346
4326.279,1.2862
4326.6313,1.4648
4326.8269,2.4731
4326.8454,3.2212
4327.3368,3.0076
4328.0403,3.199
4329.0905,2.2934
4329.8564,2.6118
4330.0099,2.9715
4331.976,1.0274
4332.2217,1.6452
4334.8314,0
4337.9454,0
4340.3682,0
4340.839,0
4341.7641,0
4342.213,0.5975
4342.3517,0.5053
4347.0765,0
4347.8922,0
4351.2895,0
4354.215,0
4356.3207,0
4358.7206,0
4360.9828,0
4363.2752,0
4365.2656,0
4366.7952,0
4367.9676,0.4191
4368.9606,0
4369.9192,0
4372.573,0
4372.7821,0.3456
4373.1731,1.6549
4375.4931,1.2777
4376.5395,2.5541
4376.8488,2.3986
4376.9819,2.3851
4377.1512,2.4985
4379.0413,0.6859
4380.3775,0
4382.5463,0
4382.6997,1.0671
4382.7701,1.1801
4386.5468,0
4387.3262,0
4391.2518,0
4391.7892,0.6356
4392.1314,0.6922
4392.2794,3.3717
4392.5524,3.9031
4394.445,2.5809
4397.7055,0.745
4398.4842,0.2378
4399.5974,0.2712
4399.7798,1.4045
4399.8089,1.8212
4401.9142,0.2025
4402.7697,0
4403.4383,0
4403.5147,0
4405.0858,0
4405.4656,0
4407.7691,0
4408.3274,0
4412.2198,0
4412.275,0.389
4415.2319,0
4416.9628,0
4417.3767,0.1631
4417.4575,0.3745
4418.696,0.4021
4420.2959,0
4422.8738,0
4423.0885,0.0005
4423.5338,0.2948
4424.352,0.1222
4425.3021,0
4425.5283,0.2884
4425.706,0.9546
4425.8002,0.992
4425.9765,1.1681
4426.4873,1.7504
4426.7811,2.1428
4430.5722,0.6979
4431.6597,0
4431.9137,0.4982
4433.4695,0
4433.744,6.8413
4435.2536,6.5441
4435.8291,6.2526
4436.1735,8.1458
4440.7105,3.7261
4441.3552,3.6318
4441.3562,6.8023
4442.8285,5.4464
4442.9459,6.3397
4443.1343,6.1893
4444.7254,5.7964
4445.2145,6.023
4447.0847,5.1285
4448.4619,4.8235
4448.8307,6.4955
4449.1713,7.1365
4450.15,6.3919
4450.3891,6.3646
4450.8065,6.3528
4451.153,6.7099
4452.5421,6.8048
4453.0534,8.7322
4453.1371,9.0168
4455.462,7.2656
4457.5195,6.5339
4457.6354,6.8374
4457.9636,6.7084
4458.9473,6.0803
4459.0168,6.3475
4460.4287,5.3445
4460.4795,5.722
4461.6299,4.6062
4462.4761,4.264
4463.4971,3.9655
4463.6681,4.5846
4465.8602,2.7057
4466.2263,2.854
4468.765,0.9805
4469.541,1.4205
4470.4842,2.312
4471.6687,1.288
4473.1086,3.1656
4474.1462,3.6927
4475.4544,3.0257
4475.8277,5.4242
4476.8439,4.468
4476.8813,4.6819
4477.1778,6.9778
4477.9418,6.3131
4478.0509,7.8354
4480.9938,4.9448
4483.5114,2.7226
4484.5433,1.877
4485.4269,1.0483
4486.1962,3.3052
4488.0793,3.6708
4488.1899,4.5719
4489.4237,4.1323
4489.4652,4.2671
4489.5849,4.5465
4489.9639,5.207
4490.1234,5.569
4490.242,5.8617
4491.6023,5.4958
4492.3203,5.3866
4492.5739,5.2933
4495.0791,2.9402
4495.7994,2.8716
4496.684,2.124
4497.3587,1.469
4498.1779,0.7014
4498.8099,0.9608
4500.3642,0
4501.414,0.3129
4501.4635,1.1901
4502.0571,0.9585
4502.1311,1.0881
4502.8897,0.5576
4504.8128,0
4506.2043,0
4507.3759,0
4508.333,0.0424
4508.8603,0
4511.5063,0
4513.471,0
4514.3611,0.1509
4514.4345,4.7631
4514.5508,4.9388
4517.0942,2.8871
4517.9079,2.7345
4519.1606,2.1271
4520.3891,1.9921
4522.838,0.8341
4523.6695,0.0901
4523.7229,0.4683
4524.0651,0.1881
4524.6987,0.5841
4525.1408,2.501
4525.2855,3.5258
4525.7442,3.1893
4526.6184,2.6332
4527.4726,2.1155
4529.1698,1.2849
4531.0083,0.898
4532.4965,0
4535.529,0
4536.0241,4.4746
4536.0807,4.97
4536.5544,4.8404
4539.2593,3.4223
4542.1136,1.2544
4543.2986,0.7354
4545.8777,0
4547.3736,0
4548.0302,0
4548.0964,0.351
4548.1528,0.9747
4552.9394,0
4554.4179,0.5432
4555.274,0.2935
4555.3758,0.3818
4558.2193,0
4558.3428,2.5227
4559.0376,2.3712
4562.8465,0
4563.3118,0
4563.7939,0
4564.5103,2.6779
4564.8168,3.7389
4567.4736,1.4562
4568.3535,0.6138
4568.5224,1.4589
4569.7101,0.6707
4570.2939,1.2756
4570.8752,1.2714
4573.0322,0
4573.434,0.2815
4573.5603,0.4428
4573.7183,1.6862
4573.9425,1.5397
4574.825,1.0267
4576.5443,0
4577.3759,0
4577.6857,0
4580.5358,0
4580.8984,0
4582.0757,0
4582.2431,1.1761
4582.3747,1.2296
4584.5372,0
4585.5981,0
4586.3453,1.2955
4587.2416,0.4906
4588.8458,0
4589.6202,0
4590.3619,0
4590.4763,0.2411
4593.1867,0
4594.1987,0
4594.5841,0.7812
4597.1449,0
4597.3895,0
4598.2417,0
4598.4524,4.1098
4598.5441,4.363
4599.3933,4.6653
4599.7694,4.3773
4600.1108,5.2349
4602.5209,3.2469
4604.0526,1.979
4606.9505,0.3505
4609.9966,0
4610.59,0
4611.2112,0.4458
4611.6364,1.2504
4612.1262,0.9597
4612.9105,0.2723
4615.8552,0
4618.2813,0
4618.3055,0.0384
4618.8895,0.1473
4619.2856,1.6608
4620.0227,5.8365
4621.0819,5.8018
4621.53,5.7003
4621.8414,5.3923
4622.7833,4.6089
4624.3908,4.3048
4630.306,0
4632.2591,0
4632.7053,0
4633.3863,1.4292
4634.4197,3.1343
4634.4442,3.2838
4634.6484,3.364
4634.8453,3.6115
4635.0405,4.6624
4635.3567,4.4451
4636.2007,4.5396
4636.4056,5.5764
4637.6448,6.0285
4639.4002,4.4613
4641.4836,2.5453
4642.2409,2.1017
4644.4823,0.0372
4645.8209,0.0435
4645.9892,0.7648
4647.5758,2.5128
4648.8039,2.1296
4650.6295,0.6358
4655.4998,0
4655.9169,2.5455
4656.2214,3.4101
4662.9521,0
4663.7333,0
4663.7774,0.4661
4665.1332,0
4665.4825,0.1826
4665.5705,0.9701
4665.5748,1.7732
4665.8056,1.9446
4666.0289,2.0006
4666.8846,1.3054
4667.1779,4.9982
4667.5901,4.9118
4668.8069,3.8922
4669.6397,3.0896
4671.4332,1.9184
4672.2468,1.4599
4672.5993,1.5151
4677.2439,0
4678.5245,0
4678.6777,0
4678.691,0.6918
4682.3473,0
4685.5237,0
4686.5576,0
4686.6831,0
4686.9258,2.1044
4687.1345,2.4898
4687.5829,2.5203
4691.0985,0
4691.3961,0.0411
4691.9077,0
4692.1186,0.5436
4692.7164,0
4693.2306,1.6717
4693.4512,1.5235
4693.5251,1.8531
4696.0568,0
4696.7007,0
4697.1728,0.7276
4697.4394,1.2865
4698.4793,0.6856
4699.6819,0
4700.5661,0.29
4700.6488,0.8952
4706.0946,0
4708.9562,0
4709.6454,0
4709.858,0.1838
4711.3928,0
4713.8111,0
4716.3197,0
4717.0601,0.0883
4717.1448,0.5563
4719.7722,0
4723.5694,0
4723.6507,1.0138
4724.2557,1.4282
4724.4119,3.0186
4725.2379,2.3452
4726.2622,2.8339
4731.6573,0
4732.6459,4.6448
4734.6072,3.3831
4734.8671,4.7312
4735.2133,5.2199
4736.4576,4.3423
4738.2234,3.0627
4738.9611,3.4855
4740.0535,5.0678
4741.2924,5.985
4744.7684,3.9765
4745.9435,3.3352
4746.2273,4.6499
4750.4553,2.2286
4751.015,3.3501
4751.8433,4.8584
4752.6587,4.1316
4753.4246,3.9894
4755.259,3.8784
4756.6088,3.301
4757.7072,2.4743
4759.5466,1.3134
4763.5728,0
4769.0495,0
4769.0553,0.8842
4769.6837,2.829
4775.9182,0
4776.1479,0.5172
4776.4657,0.6929
4777.3227,2.2546
4778.3075,1.586
4778.6616,1.9892
4779.0654,2.6984
4779.3077,4.4722
4780.7742,4.1818
4781.7924,4.2605
4781.9534,4.8527
4783.563,4.3038
4783.7421,4.9883
4784.6226,5.7722
4785.7878,4.9707
4786.9601,4.8832
4787.2388,5.0213
4787.7723,6.7584
4788.3524,6.735
4788.4614,6.8148
4790.178,6.6831
4790.7168,7.0482
4791.9609,7.8414
4792.1055,8.1761
4793.2895,8.0471
4794.0775,8.5793
4795.6407,7.6106
4796.8504,6.9497
4798.0326,6.1698
4799.424,4.8431
4802.4297,2.4208
4802.5618,2.9267
4804.4706,2.9848
4808.0553,0
4808.5044,0.8128
4808.527,1.117
4809.4677,3.0882
4809.8696,3.5456
4810.9849,3.4298
4815.6407,0.8127
4816.2152,0.4161
4816.4054,0.5784
4816.6777,0.46
4816.7327,2.0261
4817.2679,1.5365
4818.267,2.3911
4819.7648,1.3709
4820.8816,0.2831
4821.6871,0
4822.7435,0.1602
4824.1409,0.3474
4824.3072,0.5159
4825.7232,3.7682
4826.2225,3.951
4827.0486,4.761
4829.2908,3.7987
4830.5438,2.5604
4830.9947,2.8708
4832.9955,1.7099
4834.1662,0.5404
4834.3454,1.0469
4835.1081,0.3672
4835.2306,0.2751
4837.4126,0
4837.6103,0
4837.7154,0.0491
4838.0857,0.5882
4838.7418,0.455
4840.1182,0
4840.2353,0.2752
4841.3555,0.0918
4843.0001,0.0103
4843.4839,0.1031
4844.5329,0
4844.562,1.0809
4844.7609,2.7662
4845.5801,4.3718
4846.7344,4.2902
4848.277,3.8614
4849.81,2.9537
4850.0655,3.6292
4851.5185,2.62
4854.0588,2.4159
4854.4935,2.4118
4854.6495,3.3769
4854.7842,5.6407
4859.157,1.6986
4859.4014,2.3734
4860.2561,3.0288
4861.3083,2.3932
4861.5224,4.3151
4861.9831,8.2184
4862.3146,8.4232
4864.3974,6.6968
4864.9997,7.5736
4865.6385,7.0794
4867.3146,6.5696
4867.5872,8.0241
4867.8511,10.468
4869.2887,9.0653
4869.549,12.4388
4869.9696,13.5998
4871.884,12.2342
4872.9693,11.5447
4875.8691,9.3751
4877.9232,7.4518
4878.4584,7.8188
4879.2856,7.187
4879.3363,7.9026
4879.5153,8.7239
4882.0117,6.6959
4882.1986,9.4506
4882.7944,9.2955
4884.7939,7.7361
4887.0213,5.9349
4887.249,5.8159
4888.3544,4.9142
4889.4894,3.8396
4889.6264,4.4422
4890.3498,3.8322
4890.7035,3.8917
4891.1924,3.6914
4891.9552,4.4841
4892.8569,3.5855
4893.7926,3.6384
4894.0738,4.5697
4894.7141,4.4185
4896.0023,3.1553
4896.0852,3.4678
4896.1801,3.4284
4896.2522,3.3708
4896.5397,3.1484
4900.162,2.4634
4900.4038,2.7231
4900.9095,2.5218
4902.2367,5.1759
4903.1281,4.3523
4905.255,2.2777
4906.0238,2.3041
4906.0797,2.5092
4906.3175,3.0143
4908.0586,1.9406
4908.795,1.2881
4908.9289,1.3121
4910.1489,0.8546
4911.0356,0.1732
4911.2044,0.5445
4912.8104,0
4918.7818,0
4920.2664,0
4920.3031,0.4609
4923.1651,0
4924.3374,0
4924.5319,0
4925.5183,0
4925.752,0.3743
4926.0192,0.2531
4927.0577,0
4930.8029,0
4931.0462,0
4934.0594,0
4934.1113,0.852
4934.2341,2.6419
4934.5069,3.8437
4935.9321,5.7499
4937.3183,5.2348
4937.5952,5.3716
4938.0053,6.2315
4938.7686,6.7202
4939.6191,5.9112
4939.8151,6.073
4940.4066,5.5575
4940.9312,8.9442
4941.0145,9.0336
4941.0837,9.2728
4941.5081,8.9858
4943.5826,7.4294
4943.962,7.9739
4944.5847,7.7101
4944.8903,7.9384
4947.3815,5.511
4947.5817,5.3199
4948.2553,4.6695
4948.8322,4.1643
4949.7138,3.613
4949.8479,3.6307
4952.5809,0.9065
4954.9595,0
4955.1817,0.7475
4955.2527,1.2312
4956.1081,0.89
4958.6356,0
4959.4266,1.1284
4959.4773,1.876
4959.9796,2.4251
4961.616,1.941
4964.0454,2.4166
4965.2028,1.5939
4965.5747,1.4838
4965.6425,4.6867
4966.9329,4.3483
4967.5129,6.156
4971.304,3.5938
4971.6761,4.7265
4972.3011,4.179
4972.3776,5.0299
4976.039,2.3845
4976.6243,2.1694
4977.3724,1.4959
4979.489,0.2445
4979.7024,3.1044
4979.9299,3.739
4980.5065,3.2014
4981.9661,2.1226
4982.6832,1.7773
4982.7513,2.103
4982.9747,2.1993
4984.4651,1.2607
4985.1054,1.6804
4986.3008,1.4544
4986.58,2.6022
4986.7542,3.0295
4987.5985,2.2002
4989.1032,1.1123
4990.8923,0
4993.2789,0
4997.3399,0
4998.7701,0
4998.9189,0
4998.9835,0.0144
5000.3859,0
5000.5096,0.4493
5000.6965,0.4424
5002.6975,0
5003.1385,1.705
5003.4511,2.5531
5004.8216,2.9568
5005.002,5.995
5005.9972,5.5605
5008.0283,3.9279
5009.7697,3.07
5013.3286,0
5013.441,1.8673
5013.7564,2.8481
5015.3002,1.4437
5015.3659,1.4989
5015.5478,2.8975
5015.8469,2.9668
5016.8365,2.3559
5018.2257,4.4955
5018.5633,5.6505
5019.7825,7.9091
5019.9662,7.7813
5020.0044,8.0409
5020.3319,7.8868
5023.4452,5.7998
5026.687,2.5907
5026.7437,2.6065
5026.8717,3.3047
5027.0416,3.1888
5028.1777,3.1246
5029.5098,1.8774
5029.9892,1.9859
5031.935,0.3596
5031.9549,1.0179
5032.6806,0.4805
5033.2594,0
5034.1173,0
5036.1342,0
5039.5748,0
5040.8067,0
5041.9317,0
5042.7683,1.572
5044.5357,1.1796
5044.955,2.0851
5045.576,1.9318
5045.9587,1.7998
5045.9664,1.8543
5046.7466,2.514
5047.6222,1.7844
5047.7605,2.132
5050.6904,0.0142
5051.9989,0
5053.4704,0
5053.7233,0
5056.3729,0
5057.169,0.9917
5058.4395,0.2304
5060.3442,0
5060.4084,2.6281
5060.8704,4.8927
5061.4198,6.3348
5061.4589,7.2623
5061.5349,8.5573
5061.9066,10.6659
5062.6996,9.9325
5063.3112,9.3782
5063.9547,10.5179
5063.9717,10.7803
5064.9702,9.9356
5065.1116,10.8269
5067.0143,10.5024
5067.7612,9.7797
5067.8472,11.4241
5068.5511,10.7874
5074.0083,5.6831
5074.2802,6.0791
5075.1916,5.2092
5075.9523,4.5631
5077.2981,3.5292
5079.5887,1.5324
5081.6205,0.3534
5081.948,1.4972
5084.9292,0
5085.6334,0
5086.3935,0
5086.8771,1.7656
5087.622,1.1331
5090.6052,0
5091.2051,1.3925
5091.7052,1.0037
5092.0663,1.0615
5098.1337,0
5098.4115,0.4232
5098.8589,0.7519
5098.9896,1.1812
5099.2998,1.686
5100.5971,0.8183
5101.4372,0.2289
5101.6099,0.9116
5102.1254,0.642
5103.5026,0.2128
5107.7191,0
5108.6061,1.5725
5110.2271,0.3301
5110.5499,1.276
5110.5712,1.9984
5110.9297,1.772
5112.0763,1.9668
5112.5314,1.8175
5113.6593,0.8179
5114.3171,0.6777
5115.9012,0.169
5118.9346,0
5119.1597,0.9791
5119.7464,0.6582
5120.9231,0
5123.6851,0
5125.4769,0
5127.631,0
5128.3957,0
5128.6056,0.762
5129.3335,0.2578
5129.5108,0.8129
5129.7616,1.0344
5131.9864,0
5132.8465,0
5133.258,1.6539
5133.6301,1.525
5134.2589,0.9004
5136.0978,0
5136.7773,0.812
5138.1278,0
5140.271,0
5140.3669,0.6847
5140.416,2.7015
5140.9132,2.5734
5141.473,2.8669
5143.7333,2.1205
5145.2467,1.5132
5147.4498,1.9028
5148.667,2.456
5149.2107,3.2043
5149.4461,3.2475
5150.4459,3.0283
5151.0671,2.698
5151.6392,2.704
5152.4939,2.8549
5156.1582,0
5156.7383,2.3566
5158.2048,2.044
5159.1094,2.2539
5161.8364,0.533
5163.9678,0
5164.6808,0
5164.8646,1.1464
5166.3154,1.1182
5167.6154,0
5169.6736,0
5170.4689,0
